pathway_id	pathway_name	genes
00010	Glycolysis / Gluconeogenesis	3101	3098	3099	80201	2645	2821	5213	5214	5211	2203	8789	230	226	229	7167	2597	26330	5232	5230	5223	5224	441531	2027	2026	2023	387712	5315	5313	5161	5160	5162	1737	1738	8050	160287	92483	3939	3945	3948	124	125	126	131	127	128	130	10327	217	224	219	501	223	221	222	218	84532	55902	130589	5236	55276	2538	57818	92579	83440	669	9562	5105	5106
00020	Citrate cycle (TCA cycle)	1431	47	50	48	3417	3418	3420	3421	3419	55753	4967	1743	1738	8802	8801	8803	6389	6390	6391	6392	2271	4190	4191	5091	5105	5106	5161	5160	5162	1737	8050
00030	Pentose phosphate pathway	2821	2539	25796	9563	5226	6120	729020	7086	84076	8277	6888	22934	23729	51071	64080	5236	55276	221823	5634	5631	9104	414328	132158	230	226	229	2203	8789	5213	5214	5211
00040	Pentose and glucuronate interconversions	2990	9365	10941	79799	7367	10720	54490	54578	54657	54658	54659	7365	54600	7364	54575	54576	54579	7366	54577	7363	574537	7358	7360	10327	51084	6120	729020	9942	231	57016	441282	51181	6652	27294	55277	729920
00051	Fructose and mannose metabolism	4351	5373	5372	29925	29926	2762	7264	8790	197258	55556	3101	3098	3099	80201	5213	5214	5211	2203	8789	5207	5208	5209	5210	57103	3795	6652	231	57016	441282	230	226	229	7167	26007
00052	Galactose metabolism	130589	2584	2592	2582	7360	5236	55276	3101	3098	3099	80201	2645	2538	57818	92579	2720	3938	3906	2683	8704	2717	231	57016	441282	5213	5214	5211	8972	93432	2548	2595	6476
00053	Ascorbate and aldarate metabolism	7358	10941	79799	7367	10720	54490	54578	54657	54658	54659	7365	54600	7364	54575	54576	54579	7366	54577	7363	574537	2990	9365	55586	10327	9104	217	224	219	501	223
00500	Starch and sucrose metabolism	8972	93432	2548	2595	6476	7360	5167	5169	57733	2998	2997	2992	8908	2632	5836	5837	5834	178	278	279	276	280	277	11181	5236	55276	3101	3098	3099	80201	2645	2538	57818	92579	283209	2821
00520	Amino sugar and nucleotide sugar metabolism	27159	1118	3073	3074	55577	51005	10007	132789	3101	3098	3099	80201	9945	2673	64841	5238	2585	6675	91373	10020	5973	54187	140838	80896	55907	51706	1727	51700	606495	51167	123956252	80146	2645	5236	55276	7360	7358	2584	2592	2582	2821	4351	5373	5372	29925	29926	2762	7264	197258	8790
00620	Pyruvate metabolism	84532	55902	5161	5160	5162	1737	1738	8050	124	125	126	131	127	130	128	10327	5315	5313	31	32	98	97	217	224	219	501	223	134526	160287	92483	3939	3945	3948	197257	2739	3029	9380	4200	10873	4199	5091	4190	4191	2271	5105	5106	39	38
00630	Glyoxylate and dicarboxylate metabolism	84532	55902	4190	4191	1431	50	48	39	38	84693	5095	5096	4594	51179	54363	847	9380	283871	189	2752	6472	6470	2731	275	1738	2653	81888	132158	112817	125061
00640	Propanoate metabolism	84532	55902	79611	593	594	1629	1738	35	8310	51	3030	1962	1892	26275	31	32	23417	18	5095	5096	55862	84693	4594	8802	8801	8803	4329	160287	92483	3939	3945	3948
00650	Butanoate metabolism	39	38	3033	3030	1962	1892	35	116285	123876	341392	54988	6296	348158	142827	79944	2571	2572	18	7915	3157	3158	3155	54511	5019	64064	65985	622
00660	C5-Branched dibasic acid metabolism	730249
00562	Inositol phosphate metabolism	5289	4534	8776	8898	8897	9110	55613	9107	9108	64419	5297	5298	55361	55300	22908	22876	23396	8394	8395	138429	4952	3633	56623	8867	8871	5290	5293	5291	5294	5728	3635	3636	5288	5286	5287	3631	8821	200576	9896	79837	5305	8396	23236	5330	5331	5332	5333	113026	84812	51196	5335	5336	89869	23007	9651	3613	3612	10423	51477	3628	3632	51763	27124	9562	3707	3706	80271	3705	253430	64768	55586	4329	7167
00190	Oxidative phosphorylation	4535	4536	4537	4538	4539	4540	4541	4719	4720	4722	4724	4725	4726	374291	4728	4723	4729	4731	4694	4695	4696	4697	56901	4698	4700	4701	4702	4704	4705	4706	126328	55967	51079	4707	4708	4709	4710	4711	4712	4713	4714	4715	4716	54539	4717	4718	100532726	6389	6390	6391	6392	7386	4519	1537	7384	7385	7388	440567	7381	27089	29796	10975	1352	4514	4512	4513	84701	1327	9377	1329	1337	1339	1340	125965	1345	1346	1347	9167	1349	170712	1350	341947	1351	1353	1355	10063	54205	498	506	509	513	514	539	4508	515	516	517	518	10476	521	9551	10632	267020	522	4509	523	525	526	245973	528	51382	90423	529	9296	101927180	9550	127124	534	51606	10312	23545	50617	535	527	533	9114	245972	8992	155066	537	495	496	479	27068	5464	64077
00195	Photosynthesis00196	Photosynthesis - antenna proteins00710	Carbon fixation in photosynthetic organisms00720	Carbon fixation pathways in prokaryotes00680	Methane metabolism00910	Nitrogen metabolism	2747	2746	2752	1373	377677	759	765	766	771	11238	23632	768	761	763	767	760	762
00920	Sulfur metabolism	9060	9061	10380	54928	6821	58472	23474	4357	7263	8991
00061	Fatty acid biosynthesis	31	32	197322	4706	27349	2194	54995	84869	7923	109703458	51102	55301	23305	2182	2180	51703	2181	23205	81616
00062	Fatty acid elongation	10449	3032	3033	3030	1892	51102	5538	9374	64834	54898	83401	6785	60481	79071	79993	51144	201562	9200	401494	51495	9524	122970	10965	641371	11332	117145	284486
00071	Fatty acid degradation	39	38	30	10449	3032	3033	3030	1962	1892	8310	51	35	34	33	36	37	2639	23305	2182	2180	51703	2181	23205	81616	1374	1375	126129	1376	1632	10455	113612	124	125	126	131	127	128	130	217	224	219	501	223
00073	Cutin, suberine and wax biosynthesis	55711	84188
00100	Steroid biosynthesis	2222	6713	4047	1595	7108	3930	6307	50814	51478	10682	1718	6309	1717	3988	1056	8435	6646	120227	1594	1591
00120	Primary bile acid biosynthesis	10858	51302	80270	9023	9420	1581	1593	1582	6718	1109	10998	23600	8309	3295	6342	10005	570
00121	Secondary bile acid biosynthesis00140	Steroid hormone biosynthesis	1583	1586	412	6820	1589	3283	3284	6715	6716	79644	1646	8644	1584	1585	6718	1109	3290	374875	3291	1645	9420	6783	3292	3294	8630	51478	7923	51144	79154	1543	1544	1577	1551	100861540	1571	1576	1545	1588	1581	51170	10941	79799	7367	10720	54490	54578	54657	54658	54659	7365	54600	7364	54575	54576	54579	7366	54577	7363	574537	1312	220074	3293
00561	Glycerolipid metabolism	132158	217	224	219	501	223	231	57016	441282	10327	26007	2712	2710	2713	57678	150763	137964	84803	10554	10555	56894	56895	55326	253558	154141	129642	8611	8613	8612	23175	64900	9663	84513	196051	8525	8527	9162	1606	8526	1607	160851	1608	1609	139189	8694	84649	346606	1056	57104	80339	5406	5407	5408	119548	3990	8513	9388	4023	55750	11343	7920	116255	80168	2717
00564	Glycerophospholipid metabolism	23171	2819	2820	57678	150763	137964	84803	10554	10555	56894	56895	55326	253558	154141	129642	8443	56985	8611	8613	8612	23175	64900	9663	84513	196051	8525	8527	9162	1606	8526	1607	160851	1608	1609	139189	56994	10390	5337	5338	23646	122618	3931	8399	26279	30814	50487	64600	81579	84647	5319	5322	5320	391013	123745	5321	8681	100137049	8605	283748	255189	8398	151056	11145	54979	54947	79888	254531	10162	10434	23659	11313	10908	375775	56261	1103	43	1119	1120	162466	9468	5130	85465	55500	55224	5833	64850	10400	1040	8760	51365	9791	81490	23761	9489	54675	6901	9926	10423	79143
00565	Ether lipid metabolism	8540	8611	8613	8612	85465	56994	10390	387521	387522	8399	26279	30814	50487	64600	81579	84647	5319	5322	5320	391013	123745	5321	8681	100137049	8605	283748	255189	8398	151056	11145	54979	254531	133121	5168	79153	284161	255043	5337	5338	23646	122618	7368	9514	54947	79888	5048	5049	5050	7941	5051
00600	Sphingolipid metabolism	10558	9517	55304	2531	10715	29956	79603	204219	253782	91012	427	56624	340485	125981	55331	8560	123099	259230	166929	6609	6610	55512	55627	339221	64781	8611	8613	8612	81537	130367	8877	56848	8879	7357	2629	57704	9331	9334	2720	7368	2581	9514	410	4758	10825	129807	4759	2717	2583	3073	3074	2760	5660	768239
00590	Arachidonic acid metabolism	8399	26279	30814	50487	64600	81579	84647	5319	5322	5320	391013	123745	5321	8681	100137049	8605	283748	255189	8398	151056	11145	54979	5742	5743	9536	80142	10728	873	874	127281	3248	6916	5730	27306	8644	5740	240	4048	284273	145482	22949	8529	4051	4056	2678	2687	2879	1571	1573	113612	1557	11283	239	59344	242	247	1555	1558	1559	2053	246
00591	Linoleic acid metabolism	8399	26279	30814	50487	64600	81579	84647	5319	5322	5320	391013	123745	5321	8681	100137049	8605	283748	255189	8398	151056	11145	54979	246	1544	1558	1559	1557	1573	1571	1576
00592	alpha-Linolenic acid metabolism	8399	26279	30814	50487	64600	81579	84647	5319	5322	5320	391013	123745	5321	8681	100137049	8605	283748	255189	8398	151056	11145	54979	9415	8310	51	30
01040	Biosynthesis of unsaturated fatty acids	64834	54898	83401	6785	60481	79071	79993	51144	201562	9200	401494	51495	9524	6319	79966	9415	3992	8310	51	3295	30	6342	122970	10965	641371	11332	570
00230	Purine metabolism	53343	56985	11164	5236	55276	221823	5634	5631	5471	2618	5198	10606	158	471	353	22978	84618	93034	30833	56953	100526794	284958	4907	4860	144811	3251	3614	3615	10201	29922	4831	4833	4830	4832	654364	221264	956	377841	953	124583	9583	957	955	131870	3704	7498	318	8833	2766	51292	9615	2987	6240	50484	6241	51020	1716	1633	374659	58497	107	108	109	196883	111	112	113	114	115	55811	2977	2982	2983	2984	3000	2986	4881	4882	5136	5153	5137	5138	5139	5140	8654	5145	5158	5146	5147	5148	5149	5152	10846	50940	122622	159	271	272	270	132	100	51816	122481	205	26289	204	203	158067	102157402	50808	954	84284	5167	5169	5141	5142	5143	5144	5150	27115	8622	5151	2272	22875	9060	9061	646625	55821
00240	Pyrimidine metabolism	790	1723	7372	51727	129607	10201	29922	4831	4833	4830	4832	654364	221264	956	377841	953	124583	9583	957	955	5167	5169	8623	318	1503	56474	83549	7371	54963	22978	84618	93034	30833	56953	100526794	284958	4907	151531	7378	51251	115024	978	6240	50484	6241	79077	51020	1633	1635	1841	1854	1890	7084	7083	7298	1806	1807	51733
00250	Alanine, aspartate and glutamate metabolism	2805	137362	2806	259307	8528	80150	440	56954	84706	2875	189	64902	445	435	122622	159	158	339983	57494	284716	2346	443	2571	2572	18	7915	2747	2746	8659	2752	790	27165	2744	1373	9945	2673	5471
00260	Glycine, serine and threonine metabolism	6472	6470	189	9380	132158	5223	5224	441531	669	26227	29968	5723	23464	211	212	4129	4128	8639	314	2731	275	1738	2653	1610	64902	2628	2593	55349	501	635	29958	51268	1757	27232	875	102724560	1491	10993	113675	63826
00270	Cysteine and methionine metabolism	1491	56267	883	875	102724560	635	23743	4548	27430	4143	4144	262	6723	6611	4507	144811	84245	51074	58478	55256	6898	259307	27232	1786	1788	1789	23382	10768	191	587	586	64902	2729	2730	2937	1036	2805	137362	2806	4357	7263	160287	92483	3939	3945	3948	4190	4191	10993	113675	26227	29968
00280	Valine, leucine and isoleucine degradation	587	586	259307	593	594	1629	1738	35	34	3712	36	27034	3030	1962	1892	3033	3028	30	10449	3032	5095	5096	84693	4594	26275	11112	4329	217	224	219	501	223	316	197322	18	64902	56922	64087	549	3155	54511	5019	64064	65985	39	38	3157	3158
00290	Valine, leucine and isoleucine biosynthesis	10993	113675	587	586
00300	Lysine biosynthesis	51166
00310	Lysine degradation	10157	501	51166	55526	1743	1738	2639	3030	1962	1892	3033	39	38	123688	85007	51268	79823	4297	8085	58508	9757	55904	23067	9739	80854	56979	11105	55870	56950	64754	150572	6839	79723	10919	79813	9869	83852	7799	2145	2146	6419	64324	7468	54904	29072	84444	387893	93166	84787	51111	2122	63976	55217	217	224	219	223	8424	5351	5352	8985	79709	23127
00220	Arginine biosynthesis	5009	445	435	384	383	4842	4843	4846	27165	2744	2752	790	1373	2747	2746	2805	137362	2806	84706	2875	162417	95	100526760
00330	Arginine and proline metabolism	2628	2593	548596	1160	1152	1159	1158	113451	4953	6723	6611	262	26	54498	217	224	219	501	223	84735	55748	57571	112483	6303	4129	4128	79814	4842	4843	4846	384	383	4942	65263	29920	5831	5625	8659	5832	51056	8974	283208	5033	58510	2805	137362	2806	112817	1610	112849
00340	Histidine metabolism	3034	131669	144193	10841	3067	26	217	224	219	501	223	443	3176	4129	4128	221	222	218	57571	138199	55748	84735
00350	Tyrosine metabolism	2805	137362	2806	6898	259307	3242	3081	2954	2184	7299	7054	1638	7306	1644	1621	5409	1312	220074	4129	4128	8639	314	221	222	218	124	125	126	131	127	128	130	7173	316	81889	4282
00360	Phenylalanine metabolism	5053	1644	8639	314	4129	4128	221	222	218	2805	137362	2806	6898	259307	3242	4282
00380	Tryptophan metabolism	6999	3620	169355	125061	8564	8942	23498	130013	64577	55526	1743	1738	2639	3030	1962	1892	3033	39	38	56267	883	51166	121278	7166	1644	4129	4128	217	224	219	501	223	316	438	15	1543	1544	1545	11185	259307	26	847
00400	Phenylalanine, tyrosine and tryptophan biosynthesis	2805	137362	2806	6898	259307	5053
00410	beta-Alanine metabolism	339896	51380	2571	2572	84735	57571	55748	18	54498	8639	314	217	224	219	501	223	221	222	218	1806	1807	51733	26275	3030	1962	1892	35	8310	51	23417	4329
00430	Taurine and hypotaurine metabolism	1036	2571	2572	339896	51380	84890	2326	2327	2330	2328	2329	2686	124975	2678	2687	570
00440	Phosphonate and phosphinate metabolism	5833	85465	10390	9468	5130	56994
00450	Selenocompound metabolism	56267	883	4548	1491	51540	7296	114112	10587	11185	9060	9061	22928	22929	118672	51091	4141	92935
00460	Cyanoamino acid metabolism00470	D-Amino acid metabolism	27165	2744	80017	8528	63826	1610
00480	Glutathione metabolism	2686	124975	2678	2687	79017	79094	494143	26873	2729	2730	2937	51056	290	221357	2939	2941	119391	2948	2953	2952	2947	4257	4259	2944	2949	4258	2938	2946	2940	9446	653689	25774	2950	373156	27306	10314	9027	2936	3417	3418	5226	2539	51060	2879	257202	2882	2877	2878	2876	2880	493869	9588	4953	6723	6611	6240	50484	6241
00510	N-Glycan biosynthesis	79644	22845	1798	29880	79868	199857	8813	8818	54344	56052	85365	440138	10195	79796	79087	29929	79053	84920	144245	3703	201595	6184	6185	1603	1650	84061	7991	58505	746	57171	7841	23193	11253	10905	57134	4121	4245	4124	4122	4247	2530	2683	8704	8703	6480	84620	4248	11320	11282	152586	4249	146664	25834
00513	Various types of N-glycan biosynthesis	79868	199857	56052	85365	440138	10195	79796	79087	3703	201595	6184	6185	1603	1650	84061	7991	58505	746	11253	10905	57134	4121	4245	4124	4122	4247	3073	3074	2530	284004	25834	11320	11282	152586	2683	8704	8703	6487	283358	338707	64377	83539
00512	Mucin type O-glycan biosynthesis	442117	11227	64409	63917	79695	114805	79623	57452	117248	374378	168391	55568	2590	2591	2589	11226	8693	50614	51809	26290	100528030	56913	29071	728819	2650	9245	51301	6482	6483	55808	10610	256435	27090	10331	192134	9334
00515	Mannose type O-glycan biosynthesis	10585	29954	55624	2683	8704	8703	6487	27087	135152	9486	10690	2526	146664	84892	148789	84197	729920	2218	79147	10329	11041	9215	120071
00514	Other types of O-glycan biosynthesis	8473	285203	23509	23275	4242	3955	5986	2683	8704	8703	6480	84620	6487	145173	56983	283464	727936	152002	79709	23127	8985	10585	29954	442117	11227	64409	63917	79695	114805	79623	57452	117248	374378	168391	55568	2590	2591	2589	11226	8693	50614	51809	26290	100528030	56913	29071	728819
00532	Glycosaminoglycan biosynthesis - chondroitin sulfate / dermatan sulfate	64131	64132	11285	126792	26229	55790	55454	337876	22856	79586	54480	29940	92126	50515	55501	166012	9469	56548	51363	10090	113189
00534	Glycosaminoglycan biosynthesis - heparan sulfate / heparin	64131	64132	11285	126792	26229	2135	2137	2134	2131	2132	3340	8509	9348	64579	26035	9653	9394	90161	266722	9957	9956	9953	9955	222537
00533	Glycosaminoglycan biosynthesis - keratan sulfate	2530	2683	8704	8703	10678	4166	8702	93010	8534	6487	9435	10164	6482	6483
00531	Glycosaminoglycan degradation	8692	3373	6677	23553	8372	2990	3423	3425	411	10855	60495	6448	138050	4669	2588	2720	2799	3073	3074
00563	Glycosylphosphatidylinositol (GPI)-anchor biosynthesis	5277	5279	5283	51227	9091	84992	8818	9487	284098	2822	93183	54965	55650	23556	9488	84720	5281	54872	8733	10026	94005	51604	128869	80055	65258	80235
00601	Glycosphingolipid biosynthesis - lacto and neolacto series	84002	8708	8707	10317	2523	2524	2525	6487	6484	124872	28	2683	8704	8703	8702	10690	2526	2527	2528	2529	10402	6489	53947	8706	10678	10331	79369	2651
00603	Glycosphingolipid biosynthesis - globo and isoglobo series	127550	8706	26301	53947	2717	10317	3073	3074	4668	2523	2524	28	6482	6483	6489	10690
00604	Glycosphingolipid biosynthesis - ganglio series	2583	8705	6483	6482	29906	8869	6489	9197	256435	27090	81849	30815	2720	3073	3074
00511	Other glycan degradation	4758	10825	129807	4759	2720	3073	3074	284004	4123	4125	23324	4126	64772	2517	2519	175	2629	57704
00540	Lipopolysaccharide biosynthesis00542	O-Antigen repeat unit biosynthesis00541	O-Antigen nucleotide sugar biosynthesis00550	Peptidoglycan biosynthesis00552	Teichoic acid biosynthesis00571	Lipoarabinomannan (LAM) biosynthesis00572	Arabinogalactan biosynthesis - Mycobacterium00543	Exopolysaccharide biosynthesis00730	Thiamine metabolism	9054	84284	249	248	250	251	52	27010	122481	205	26289	204	203	158067	79178
00740	Riboflavin metabolism	55312	54	52	53	80308	5167	5169	645
00750	Vitamin B6 metabolism	55163	8566	57026	493911	316	29968
00760	Nicotinate and nicotinamide metabolism	554235	23475	93100	4860	54981	27231	22978	84618	93034	30833	56953	100526794	284958	4907	349565	64802	23057	5167	5169	83594	25961	55191	10135	952	683	23098	23411	22933	23410	23409	23408	51548	51547	65220	133686	23530	4837	316
00770	Pantothenate and CoA biosynthesis	53354	79646	80025	79717	60490	5167	5169	80347	60496	8876	8875	587	586	1806	1807	51733	339896	51380	217	224	219
00780	Biotin metabolism	54995	3141	686
00785	Lipoic acid metabolism	387787	11019	51601	116285	1738	5161	5160	5162	1737	55753	4967	1743	55526	593	594	1629	2731	275	2653
00790	Folate biosynthesis	2643	249	248	250	251	1719	200895	2356	8836	5805	6697	231	57016	441282	873	8644	5860	84105	5092	5053	7054	121278	7166	4337	4338	10243	55034
00670	One carbon pool by folate	1719	200895	25902	4522	10797	441024	6472	6470	2618	471	10841	123263	275	4548	7298	10840	160428	4524	10588	100528021
00830	Retinol metabolism	53630	124	125	126	131	127	128	130	9249	10901	317749	10170	50700	157506	51109	145226	112724	8608	195814	8630	9227	8694	158835	8228	6121	5959	316	8854	216	220	1592	56603	340665	1543	1544	1548	1549	1555	1558	1559	1562	29785	1576	1577	1551	100861540	54905	10941	79799	7367	10720	54490	54578	54657	54658	54659	7365	54600	7364	54575	54576	54579	7366	54577	7363	574537	54884	339761
00860	Porphyrin metabolism	211	212	124454	2058	210	3145	7390	7389	1371	5498	2235	1352	1355	326625	3162	3163	644	645	10941	79799	7367	10720	54490	54578	54657	54658	54659	7365	54600	7364	54575	54576	54579	7366	54577	7363	574537	2990	3052	1356	9843	341208	2395	2495	2512	94033
00130	Ubiquinone and other terpenoid-quinone biosynthesis	6898	27235	51004	51805	84274	10229	1728	2677	79001	154807	3242
00900	Terpenoid backbone biosynthesis	39	38	3157	3158	3156	4598	10654	4597	3422	91734	2224	9453	23590	57107	79947	116150	2339	2342	100529261	9986	10269	23463	51449
00902	Monoterpenoid biosynthesis00909	Sesquiterpenoid and triterpenoid biosynthesis00904	Diterpenoid biosynthesis00906	Carotenoid biosynthesis00905	Brassinosteroid biosynthesis00981	Insect hormone biosynthesis00908	Zeatin biosynthesis00903	Limonene degradation00907	Pinene, camphor and geraniol degradation01052	Type I polyketide structures00522	Biosynthesis of 12-, 14- and 16-membered macrolides01051	Biosynthesis of ansamycins	7086	84076	8277
01059	Biosynthesis of enediyne antibiotics01056	Biosynthesis of type II polyketide backbone01057	Biosynthesis of type II polyketide products00253	Tetracycline biosynthesis00523	Polyketide sugar unit biosynthesis	23483
01054	Nonribosomal peptide structures01053	Biosynthesis of siderophore group nonribosomal peptides01055	Biosynthesis of vancomycin group antibiotics	23483
00940	Phenylpropanoid biosynthesis00945	Stilbenoid, diarylheptanoid and gingerol biosynthesis00941	Flavonoid biosynthesis00944	Flavone and flavonol biosynthesis00942	Anthocyanin biosynthesis00943	Isoflavonoid biosynthesis00946	Degradation of flavonoids00901	Indole alkaloid biosynthesis00403	Indole diterpene alkaloid biosynthesis00950	Isoquinoline alkaloid biosynthesis00960	Tropane, piperidine and pyridine alkaloid biosynthesis00996	Biosynthesis of various alkaloids00232	Caffeine metabolism	1544	10	9	1548	1549	7498
00965	Betalain biosynthesis00966	Glucosinolate biosynthesis00402	Benzoxazinoid biosynthesis00311	Penicillin and cephalosporin biosynthesis	1610
00332	Carbapenem biosynthesis00261	Monobactam biosynthesis	9060	9061
00331	Clavulanic acid biosynthesis00521	Streptomycin biosynthesis00524	Neomycin, kanamycin and gentamicin biosynthesis	3101	3098	3099	80201	2645
00525	Acarbose and validamycin biosynthesis00401	Novobiocin biosynthesis00404	Staurosporine biosynthesis00405	Phenazine biosynthesis00333	Prodigiosin biosynthesis	27349
00254	Aflatoxin biosynthesis	31	32
00998	Biosynthesis of various antibiotics00999	Biosynthesis of various plant secondary metabolites00997	Biosynthesis of various other secondary metabolites00362	Benzoate degradation00627	Aminobenzoate degradation00364	Fluorobenzoate degradation00625	Chloroalkane and chloroalkene degradation00361	Chlorocyclohexane and chlorobenzene degradation00623	Toluene degradation00622	Xylene degradation00633	Nitrotoluene degradation00642	Ethylbenzene degradation00643	Styrene degradation00791	Atrazine degradation00930	Caprolactam degradation00363	Bisphenol degradation00621	Dioxin degradation00626	Naphthalene degradation00624	Polycyclic aromatic hydrocarbon degradation00365	Furfural degradation00984	Steroid degradation00980	Metabolism of xenobiotics by cytochrome P450	1543	1559	1576	1545	221357	2939	2941	119391	2948	2953	2952	2947	4257	4259	2944	2949	4258	2938	2946	2940	9446	653689	25774	2950	373156	27306	2052	1555	6822	1544	1548	1549	1571	1572	29785	1645	27294	1553	1565	1564	107987479	3290	374875	873	874	10941	79799	7367	10720	54490	54578	54657	54658	54659	7365	54600	7364	54575	54576	54579	7366	54577	7363	574537	1577	8574	22977	246181	221	222	218	124	125	126	131	127	128	130
00982	Drug metabolism - cytochrome P450	1565	1564	107987479	1559	1576	2326	2327	2330	2328	2329	1557	1555	1577	221357	2939	2941	119391	2948	2953	2952	2947	4257	4259	2944	2949	4258	2938	2946	2940	9446	653689	25774	2950	373156	27306	124	125	126	131	127	128	130	221	222	218	4129	4128	316	10941	79799	7367	10720	54490	54578	54657	54658	54659	7365	54600	7364	54575	54576	54579	7366	54577	7363	574537	1544	1571	1558	1548	1549
00983	Drug metabolism - other enzymes	3251	3614	3615	8833	7172	7498	3704	1066	8824	10941	79799	7367	10720	54490	54578	54657	54658	54659	7365	54600	7364	54575	54576	54579	7366	54577	7363	574537	2990	1576	978	1890	1806	1807	51733	1548	1549	151531	7378	83549	7371	54963	7084	7083	7372	51727	6240	50484	6241	10201	29922	4831	4833	4830	4832	654364	1854	4353	10	9	1571	221357	2939	2941	119391	2948	2953	2952	2947	4257	4259	2944	2949	4258	2938	2946	2940	9446	653689	25774	2950
09113	Global maps only	8050
03020	RNA polymerase	5431	5430	5432	5439	548644	246721	5433	5436	5438	81488	55703	11128	51082	9533	10623	661	55718	10621	84265	10622	171568	27297	51728	84172	25885	30834	10849	221830	64425	5434	5435	5437	5440	5441
03022	Basal transcription factors	11036	2957	2958	2959	387332	9519	6908	6872	138474	6873	6879	54457	129685	83860	6881	27097	6877	6875	6874	6883	6878	10629	6880	51616	6882	6884	8148	2960	2961	2962	2963	2965	2966	730394	728340	2967	2968	2071	2068	404672	1022	4331	902	2969
03040	Spliceosome	26863	26870	6060	26869	26871	26864	101954273	101954268	101954264	101447996	101954266	101954267	101954269	101954272	101954276	101954277	124904616	124904619	124904621	124904624	124904627	6063	6066	26834	26835	26830	26831	26832	26828	26829	101954278	101954275	26827	101954271	103625684	9879	7919	8449	9785	51362	8559	1659	10569	1665	6628	6632	6633	6634	6635	6636	6637	6625	6626	6631	25766	55660	58517	1655	10915	2521	6627	6629	10291	8175	10946	23451	10992	23450	10262	83443	51639	84844	11325	7307	102724594	199746	11338	22827	10285	84991	10523	23350	6100	57819	27258	25804	23658	11157	51690	51691	9129	9128	10465	26121	4809	11017	10713	9092	153527	84950	55119	9343	23020	24148	10594	9410	9416	10907	27339	988	10286	5356	51503	56259	3312	3303	3305	3304	3310	10084	51729	22938	56949	25949	51340	57461	100534599	51645	10450	151903	55696	8896	9716	22985	9775	9939	4116	55110	9984	57187	84321	10189	4686	22916	392517	220988	3178	144983	642659	3183	27316	3190	4670	3192	5093	6426	6427	10929	6428	6429	6430	6431	6432	8683	29896	6434	10772
03010	Ribosome	51116	64969	64968	51081	64965	55173	64963	6183	63931	64960	51021	51373	51023	55168	54460	6187	6188	6189	6192	6191	140032	6193	6194	6201	6202	6203	6204	100529239	6205	6206	6207	6208	6209	6210	6217	6218	6222	6223	6224	6227	6228	6229	6230	6231	6232	51065	6233	6234	6235	2197	3921	388524	65008	51069	11222	51073	6182	65005	124995	65003	28998	64928	29088	54948	63875	29074	9801	55052	219927	29093	6150	79590	51264	10573	51263	64983	9553	64981	51318	64979	6123	6122	6124	6125	6128	6129	6130	6132	6133	140801	6134	4736	6135	6136	6137	23521	9045	6138	6139	100526842	6141	6142	6143	6144	200916	6146	9349	6147	51187	6152	6154	51121	6155	6157	6158	6159	6156	6160	6161	6164	11224	6165	25873	6167	6168	6169	6170	7311	6171	6166	6173	100529097	6175	6176	6181	106631781	109864273	100008588	109864280	109910380	109864271	100008589	109864282	109864272	109910382	106632264	109910379	100169751	100169767	100169757	100169762	100169756	100169764	100169755	100169754	100169753	100169761	100169763	100169759	100169758	100169765	100169766	100169768	100169760	100008587	106632260	109864281	109910381	109864274
00970	Aminoacyl-tRNA biosynthesis	4553	4573	4570	4555	4511	4572	4556	4563	4564	4565	4568	4567	4566	4569	4558	4571	4575	4574	4576	4578	4579	4577	124454	2058	55278	5188	283459	5859	57505	16	1615	55157	79731	4677	2617	80222	6897	123283	54938	6301	118672	51091	833	79587	4141	92935	123263	57176	7407	51520	23395	3376	55699	3735	57038	5917	25973	3035	23438	2193	10667	10056	8565	51067	10352	7453
03013	Nucleocytoplasmic transport	8086	11097	2733	11269	55308	8480	4928	8021	4927	5903	5905	7329	6612	6613	7341	387082	23279	79902	6396	57122	55746	81929	348995	79023	25909	23636	9818	53371	23165	23511	9631	9688	129401	55706	23225	91181	100101267	9883	94026	55161	7175	10762	9972	59343	3836	3838	402569	3839	3840	23633	3841	3837	3842	30000	23534	79711	3843	10527	10526	55705	51194	9670	10073	7514	1434	11260	64328	57510	23214	23039	64901	5901	1915	1917	51808	4686	22916	392517	51068	9939	4116	55110	22794	9775	22985	10284	10921	5411	10189	5976	26019	65109	65110	10482	56001	728343	56000	29107	55916	7919	10250	84305	9984	57187	8563	79228	80145	84321
03015	mRNA surveillance pathway	4686	22916	392517	65109	65110	9939	4116	55110	22794	9775	10284	5411	22985	10921	10189	11269	55308	2733	10482	56001	728343	56000	29107	55916	7919	84305	10250	8732	8731	2521	23435	8106	390748	100529063	11051	11052	79869	64895	56903	10914	10978	51585	29894	53981	51692	10898	642843	81608	55339	80335	5499	5500	5501	29101	143506	441584	390031	390033	196120	136157	1477	1478	23283	1479	8189	26528	4440	124540	26986	140886	5042	645974	80336	340529	8761	132430	2107	23708	2935	5976	26019	23049	9887	23381	23293	5515	5516	5519	5518	5520	5521	5522	55844	28227	55012	5523	5526	5527	5528	5529	5525	10767	53918
03008	Ribosome biogenesis in eukaryotes	1460	1457	1459	283106	65083	27341	23160	84916	84135	55127	84128	51096	134430	10607	10885	55813	5822	10199	55272	92856	6949	2091	345630	10528	51602	4809	1736	55651	54433	55505	51077	9724	10813	29102	10436	9790	55226	10171	10940	10557	10775	51367	138716	54913	10248	10556	10799	57455	81691	25996	54464	22803	23560	29889	26354	54552	4931	23195	55131	28987	5901	7514	51068	10482	56001	728343	56000	29107	55916	3692	51119	79631	55341	166378	102157402	83732	55781	106631781	109864273	100008588	109864280	109910380	109864271	100008587	106632260	109864281	109910381	109864274	100008589	109864282	109864272	109910382	106632264	109910379	100169751	100169767	100169757	100169762	100169756	100169764	100169755	100169754	100169753	100169761	100169763	100169759	100169758	100169765	100169766	100169768	100169760	780851	780853	780852	26851	109617015	780854	109616984	109617016	109616985	109617017	6023
03060	Protein export	5018	6729	29927	55176	10952	23480	7095	11231	3309	6726	6727	6731	6730	6728	6734	58477	439	51608	8266	164153	7917	6449	7485	29100	28972	9789	60559	90701	23478	196294	83943
04141	Protein processing in endoplasmic reticulum	29927	55176	10952	23480	7095	11231	6184	6185	1603	1650	3703	201595	84061	7991	58505	746	7841	10970	6238	64374	10525	3309	51726	64215	5611	54431	7184	23193	5589	821	2923	811	10905	57134	4121	11253	10960	3998	79748	10113	56681	51128	6396	22872	25956	10483	10484	10427	10802	9632	9871	55757	56886	9695	55741	111089941	80267	5034	9601	10130	10961	81567	30001	56605	10956	27248	6745	6746	6747	6748	10134	23471	133022	79139	51009	91319	23190	51035	165324	80700	7993	55968	258010	7415	55666	7353	3312	3303	3305	3304	3310	3301	10294	3337	3300	54788	80331	85479	285126	3320	3326	10808	22824	573	9532	23640	1409	102724652	1410	55432	9373	5887	5886	29979	29978	50613	56893	55768	4287	92552	10277	9451	1965	4780	468	23645	1649	596	22926	1388	7466	8720	51360	7494	2081	7186	4217	5609	5599	5602	5601	581	578	823	824	100506742	10299	51465	118424	7326	7327	84447	6048	91445	55829	6400	80343	9709	267	10273	51619	7321	7322	7323	5071	9978	8454	6500	26232	26270
04130	SNARE interactions in vesicular transport	6804	2054	6809	112755	6810	415117	8676	8417	8675	6811	55014	53407	10490	143187	9527	9570	662	10228	9482	51272	10282	55850	8773	9342	6843	6844	9341	8673	8674	10791	6845	10652	9554
04120	Ubiquitin mediated proteolysis	7314	7316	7311	6233	7317	10055	10054	9039	7318	55236	7319	7320	11065	51619	7321	7322	7323	10477	7324	7325	140739	7326	7327	7328	7329	51465	118424	3093	7332	9246	9040	389898	7334	63893	55585	92912	134111	54926	997	27338	148581	55284	65264	57448	7337	89910	9690	57154	64750	83737	11059	11060	9320	4734	23327	10075	51366	8925	8924	8916	26091	9354	10277	10273	23759	27339	22888	4193	867	868	23624	5071	6477	5371	7189	4214	64326	25898	329	330	331	79444	8554	9063	10401	51588	84447	378884	326	23295	672	55120	4281	22954	4591	9978	8454	6500	8945	23291	6502	55294	26232	26272	8453	6921	6923	7428	8452	9817	55958	90293	23221	9886	8450	8451	1642	1643	1161	55070	9616	8065	8651	9021	9820	26259	51529	29882	991	51343	64682	996	29945	51433	8881	51434	8697	10393	246184	25847	25906	119504
04122	Sulfur relay system	9054	4357	7263	81605	27304	90353	348180	4338
03050	Proteasome	5709	5715	5718	5717	9861	5713	5719	10213	5714	7979	5710	5708	5707	11047	5701	5700	5705	5706	5702	5704	5720	5721	10197	23198	5687	5683	5685	5688	143471	5686	5682	5684	5694	5695	5691	5690	5693	5689	5692	5698	5699	5696	122706	3458	9491	51371
03018	RNA degradation	28960	51013	23404	51010	11340	118460	23016	54512	56915	5393	22894	5394	10438	10200	115752	11044	64282	84186	23517	6499	9652	80349	57472	246175	23019	4848	4849	4850	29883	9337	9125	25904	170506	5073	154197	10140	10766	10950	54766	694	7832	26986	140886	5042	645974	80336	340529	8761	132430	9924	255967	55802	196513	167227	1656	80153	23644	219988	54464	22803	131870	27257	57819	27258	25804	23658	11157	51690	51691	2027	2026	2023	87178	5213	5214	5211	3313	3329
03030	DNA replication	6742	246243	6117	5111	1763	2237	3978	5422	23649	5557	5558	5424	5425	10714	57804	5426	5427	54107	56655	4171	4172	4173	4174	4175	4176	6118	29935	6119	5981	5984	5982	5985	5983	10535	79621	84153
03410	Base excision repair	4968	4913	79661	252969	55247	7374	23583	4595	4350	8930	6996	328	11284	55775	5423	27343	3146	142	10038	10039	143	8505	54936	54840	7515	5428	11232	3980	5424	5425	10714	57804	5426	5427	54107	56655	5111	5981	5984	5982	5985	5983	2237	3978
03420	Nucleotide excision repair	9978	8450	8451	1642	1643	7508	5887	5886	1069	1161	2074	57654	5430	5431	5432	5433	5434	5435	5436	5437	5438	5441	5440	5439	548644	246721	81488	1022	4331	902	2071	2068	404672	2965	2966	730394	728340	2967	2968	2073	100533467	7507	6117	6118	6119	29935	2072	2067	5424	5425	10714	57804	5426	5427	54107	56655	5111	5981	5984	5982	5985	5983	3978
03430	Mismatch repair	6742	5395	4292	2956	4436	4437	27030	5981	5984	5982	5985	5983	5111	9156	6117	6118	6119	29935	5424	5425	10714	57804	3978
03440	Homologous recombination	6742	10111	4361	4683	472	672	580	5932	83990	11073	84142	51720	29086	9577	79184	79728	675	7979	50511	6117	6118	6119	29935	5888	5893	5890	5889	5892	7516	7517	8438	25788	5424	5425	10714	57804	641	7156	8940	80198	146956
03450	Non-homologous end-joining	2547	7520	64421	5591	27343	27434	1791	3981	7518	79840	10111	4361	2237
03460	Fanconi anemia pathway	84126	545	57697	91442	378708	100526739	201254	9894	3280	80233	2175	2187	2176	2178	2188	2189	55120	57599	7398	29089	55215	2177	675	79728	5889	5888	672	83990	22909	4292	5395	51455	5980	5429	11201	51426	353497	80010	116028	7156	8940	641	6117	6118	6119	29935	80198	146956	197342	2072	2067	548593	79008	84464
03082	ATP-dependent chromatin remodeling	8467	11177	9031	11176	29994	54108	54107	51773	6594	2186	5928	5931	124944	27443	1107	1108	3065	3066	8932	53615	9219	9112	57504	54815	57459	84295	8099	10263	6595	6597	6598	6599	6601	6602	6603	6604	6605	71	60	86	51412	9275	9274	605	26039	6760	57492	8289	8193	8110	5977	196528	55193	29117	55274	65980	29998	23506	54617	83444	125476	54891	283899	29844	4798	10445	51377	8607	10856	79913	93973	7528	404281	10847	55929	8089	6944	3014	8338	85235	221613	92815	83740	3012	8335	55506	9555	723790	55766	474382	8336	8337	8969	317772	94239	3013	3015	8330	8334	8329	8331	8332	474381	115482686	64431	10467	57634	8295	10933	9643	55257	10902	54556	80314	26122	64769	10524
03083	Polycomb repressive complex	2145	2146	8726	23512	5928	5931	5252	22823	26147	100170841	84458	121536	3720	8314	171023	55252	80816	8473	3054	7528	404281	55777	114785	3607	221937	6045	6015	7703	648	100532731	84733	8535	23466	23492	57332	1911	1912	80012	6322	10389	22955	57713	51460	9212	51619	7321	7322	7323	85015	10600	23429	10138	84759	84678	22992	54880	63035	6500	7874	10336	84333	1460	26053	64319	57666	10238	54881	1387	2033	84108	1876	7027	4149	23269	26013	84456	83746	91133	11335	11091	54554	3065	3066
03230	Viral genome structure03240	Viral replication03250	Viral life cycle - HIV-1	1234	7852	920	4130	4131	55201	9638	23299	636	85363	164668	200316	100913187	140564	200315	27350	60489	9582	25939	11168	5300	6598	5478	11052	79869	23534	4599	4600	5903	9972	1387	2033	8850	2648	1025	904	905	27125	22936	80237	8178	4298	4300	7469	25920	51497	7936	6827	6829	7514	5901	5045	10955	256987	684	9146	7251	79643	128866	29082	10015	9525	27183
03260	Virion - Human immunodeficiency virus	920	1234	7852	10332	30835
03271	Virion - Rotavirus	3673	3688
03262	Virion - Coronavirus	59272
03261	Virion - Influenza virus03263	Virion - Enterovirus	5817
03264	Virion - Flavivirus	7301	10332	30835	26762
03265	Virion - Ebolavirus, Lyssavirus and Morbillivirus	4864	432	1134	4684	4685	4804	2213	4179	6504	81607	10332	30835
03266	Virion - Herpesvirus	29992	29990	3678	3690	3416	8764	5818	5819	3482
03268	Virion - Orthopoxvirus	1605
03267	Virion - Adenovirus	1525	4179	941	942
03259	Virion - Bacteriophages T4 and T703258	Virion - Bacteriophage lambda02010	ABC transporters	1672	19	20	21	24	10347	26154	154664	23461	23460	10351	10350	10349	6890	6891	11194	23457	23456	5243	5244	340273	10058	22	8647	4363	1244	8714	10257	10057	368	89845	85320	94160	1080	6833	10060	215	225	5825	5826	9619	64137	9429	64240	64241
02060	Phosphotransferase system (PTS)03070	Bacterial secretion system02020	Two-component system04010	MAPK signaling pathway	773	774	775	776	777	778	8913	8912	8911	779	781	9254	55799	93589	782	783	784	785	786	10369	10368	27092	27091	59285	59284	59283	5566	5567	5568	5578	5579	5582	2768	55970	5530	5532	5533	5534	5535	5923	5924	10125	10235	25780	115727	9693	4763	5921	5922	5906	5908	1950	7039	2069	374	2246	2247	2248	2249	8822	2251	2252	2253	2254	2255	8823	2250	8817	26281	27006	9965	26291	8074	4803	627	4908	4909	3630	3479	3481	5154	5155	56034	80310	1435	4254	2323	7422	7423	5228	7424	2277	3082	284	285	51378	1942	1943	1944	1945	1946	125467750	2668	4902	9048	5623	1956	2064	2065	2066	2260	2263	2261	2264	4804	4914	4915	3643	3480	5156	5159	1436	3815	2322	2321	2324	3791	4233	7010	1969	5979	2885	6654	6655	3265	3845	4893	6237	22800	22808	369	673	5894	5604	5605	8649	5594	5595	8569	2872	6197	6195	6196	27330	468	2002	2005	4609	6722	2353	4137	3925	123745	5321	8681	100137049	8605	283748	255189	7124	3552	3553	7040	7042	7043	7132	3554	3556	7046	7048	356	355	929	5879	5880	5881	998	8717	836	7186	1616	4615	3654	51135	7189	1647	4616	10912	10454	23118	51295	8491	9448	11184	5058	5062	6789	6788	5871	1326	4214	4296	10746	4215	4293	4294	84451	7786	9175	51776	9064	4217	6885	4216	9344	51347	57551	6416	5609	5606	5608	9479	23542	23162	2316	1398	1399	408	409	5599	5602	5601	5600	6300	5603	1432	8550	9261	7867	9252	8986	994	4772	4775	3725	3727	1386	7157	1649	4149	4208	3315	207	208	10000	5494	5801	84867	5778	1843	1846	1844	1849	1850	1847	80824	1848	1852	11221	1845	5536	5495	3312	3303	3305	3304	3310	2122	5607	5598	3164	9020	1147	3551	8517	51701	4790	4791	5970	5971
04013	MAPK signaling pathway - fly04016	MAPK signaling pathway - plant04011	MAPK signaling pathway - yeast04012	ErbB signaling pathway	1950	7039	374	1956	2064	5335	5336	815	817	816	818	5578	5579	5582	867	868	6776	6777	6714	5747	1398	1399	25	27	4690	8440	5058	5062	5063	10298	57144	56924	106821730	6416	5609	5599	5602	5601	3725	2002	685	1839	2069	2065	3084	9542	2066	6464	25759	53358	399694	2885	6654	6655	3265	3845	4893	369	673	5894	5604	5605	5594	5595	4609	2549	10718	145957	5290	5293	5291	5295	5296	8503	110117499	207	208	10000	2475	6198	6199	1978	572	2932	1027	1026
04014	Ras signaling pathway	1950	7039	2246	2247	2248	2249	8822	2251	2252	2253	2254	2255	8823	2250	8817	26281	27006	9965	26291	8074	4803	627	4908	4909	3630	3479	3481	5154	5155	56034	80310	1435	4254	2323	7422	7423	5228	7424	2277	3082	284	285	51378	1942	1943	1944	1945	1946	125467750	1956	2260	2263	2261	2264	4804	4914	4915	3643	3480	5156	5159	1436	3815	2322	2321	2324	3791	4233	7010	1969	2885	2549	9846	6464	25759	53358	399694	5781	6654	6655	5335	5336	10125	10235	25780	115727	7535	27040	3363	2782	2783	2784	59345	10681	54331	2785	2786	2787	2788	94235	2790	2791	55970	51764	2792	2793	5566	5567	5568	5923	5924	2902	2903	2904	810	805	808	801	163688	51806	91860	3265	3845	4893	22808	6237	22800	4763	5921	5922	22821	10156	100271927	8831	8437	9462	64926	11186	83593	6789	7074	5879	5880	5881	5058	5062	5063	10298	57144	56924	106821730	387	5290	5293	5291	5295	5296	8503	110117499	207	208	10000	8517	1147	3551	4790	5970	572	598	4303	356	253959	57186	57148	5900	23179	5863	5898	5899	5337	5338	55770	29110	5966	5599	5602	5601	10928	998	4301	8036	5894	5604	5605	5594	5595	51365	8399	26279	30814	50487	64600	81579	84647	5319	5322	5320	391013	123745	5321	8681	100137049	8605	283748	255189	8398	11145	54979	2002	2113	2114	8315	8844	283455	9771	5906	5908	51196	5578	5579	5582	9610	25	27	5868	5869	5878	382
04015	Rap1 signaling pathway	5906	5908	22808	9771	9732	2902	2903	2904	810	805	808	801	163688	51806	91860	2149	9002	5028	2357	1902	9170	23566	2846	57121	135	136	2778	107	108	109	196883	111	112	113	114	115	10411	11069	2776	23236	5330	5331	5332	25780	10235	1950	2246	2247	2248	2249	8822	2251	2252	2253	2254	2255	8823	2250	8817	26281	27006	9965	26291	8074	4803	3630	3479	5154	5155	56034	80310	1435	4254	7422	7423	5228	7424	2277	3082	284	285	51378	1942	1943	1944	1945	1946	125467750	1956	2260	2263	2261	2264	4804	3643	3480	5156	5159	1436	3815	2321	2324	3791	4233	7010	1969	1398	1399	2889	9564	999	1499	9223	9863	260425	9693	51735	27040	2533	3937	8631	5335	5578	5579	5582	5587	23683	25865	1813	1268	2770	2773	2771	2775	5909	26037	6494	57568	23094	3397	7057	5900	5898	5899	5879	5880	5881	54518	7094	83660	3674	3690	345456	5216	5217	375189	7408	55740	51466	71	60	64411	387	6714	9855	998	10451	7409	7410	7074	56288	50855	84552	84612	5590	5584	4301	1500	889	10636	83593	3683	3684	3689	3688	673	5894	5604	5605	5594	5595	5606	5608	5600	6300	5603	1432	5290	5293	5291	5295	5296	8503	110117499	207	208	10000	51196	3265	3845	4893	6237
04310	Wnt signaling pathway	64840	7471	7472	7482	7473	89780	54361	7474	81029	7475	7476	7477	7478	7479	7483	7484	7480	80326	7481	51384	9350	147111	11197	50964	22943	27123	27121	5176	6422	6423	2487	6424	6425	284654	340419	84870	343637	55366	8549	59352	54894	84133	8321	8324	2535	7976	8322	7855	8325	8323	11211	8326	4041	4040	25805	147495	164284	1454	102800317	440193	1857	1856	1855	10023	23401	1457	1459	283106	1460	85407	85409	80319	59343	2932	1499	8312	8313	324	10297	122011	1452	6932	83439	6934	51176	84445	56998	25776	57680	4163	57805	23411	64321	1487	1488	102723796	7088	7089	7090	7091	79816	1501	1387	2033	8607	4089	4088	6885	51701	4609	3725	8061	595	894	896	8840	5467	4316	5663	5566	5567	5568	7157	6477	27101	6500	6907	90665	79718	8945	23291	8454	9978	2239	4919	4920	6259	57216	81839	144165	166336	29964	4007	27130	23002	23500	387	9475	5879	5880	5881	5599	5602	5601	23236	5330	5331	5332	815	817	816	818	5530	5532	5533	5534	5535	5578	5579	5582	4772	4773	4775	4776
04330	Notch signaling pathway	10683	28514	54567	182	3714	4242	3955	5986	4851	4853	4854	4855	11317	3516	3280	388585	26508	23462	23493	171558	441478	1857	1856	1855	8650	9253	83737	113878	151636	1840	196403	23220	6868	5663	5664	55851	23385	51107	83464	55534	84441	9794	1387	2033	8850	2648	22938	1487	1488	102723796	7088	7089	7090	7091	79816	9612	9541	23013	3065	3066	342371	6310
04340	Hedgehog signaling pathway	5727	8643	6608	23432	5566	5567	5568	122011	1452	1455	1456	53944	1453	1454	102800317	2932	2735	2736	2737	51684	374654	64399	595	894	596	8454	8945	23291	55733	57467	6469	3549	50846	84976	57758	91653	50937	2619	4036	730094	1954	23295	57154	64750	156	157	2121	132884	84455	23288	408	409	11127	8452	8405	339745
04341	Hedgehog signaling pathway - fly04350	TGF-beta signaling pathway	8646	9241	4681	100532736	26585	64388	7057	1634	2331	10637	7044	10468	650	652	654	3625	7018	653	655	656	353500	8200	392255	151449	268	3458	7124	79875	2200	4052	7040	7042	7043	3624	3626	83729	4838	657	658	90	659	92	148738	4756	3077	7036	7037	56963	285704	269	7046	7048	2014	2615	375387	91	93	130399	3547	25805	4086	4090	4093	4087	4088	4089	4091	4092	57154	64750	9372	9765	9978	8454	6500	5594	5595	387	6093	5519	5518	5515	5516	6198	6199	57817	3397	3398	3399	3400	5933	1874	1875	7027	1387	2033	6667	6498	6497	25942	3065	3066	9611	7050	60436	4609	1030	5308
04390	Hippo signaling pathway	286204	23418	56288	50855	84552	84612	5590	5584	10207	64398	154796	10413	25937	999	8994	84962	126374	4771	23286	79981	122786	60485	6788	166824	11186	5515	5516	5519	5518	5520	5521	5522	55844	26524	9113	55233	92597	5499	5500	5501	7159	3993	3996	23513	1739	1740	1741	1742	9231	1453	1454	102800317	8945	23291	7161	27113	7003	7004	7005	8463	1490	2736	374	332	174	3689	2246	7040	7042	7043	7046	7048	4092	4087	4088	4089	5054	650	652	653	654	655	656	353500	8200	392255	151449	268	657	658	659	4086	3397	3398	7471	7472	7482	7473	89780	54361	7474	81029	7475	7476	7477	7478	7479	7483	7484	7480	80326	7481	51384	8321	8324	2535	7976	8322	7855	8325	8323	11211	8326	1857	1856	1855	7534	7529	10971	7531	7533	7532	2932	1499	324	10297	8312	8313	85407	85409	6932	83439	6934	51176	4609	595	894	896	6657	6591	329	330	71	60	29119	1495	1496
04391	Hippo signaling pathway - fly04392	Hippo signaling pathway - multiple species	8642	54798	79633	1454	102800317	4771	23286	79981	122786	11186	166824	6788	60485	26524	9113	55233	92597	8994	84962	126374	10413	25937	7003	7004	7005	8463	9770	83937	5058
04370	VEGF signaling pathway	7422	3791	9047	5335	5336	5578	5579	5582	8877	56848	3265	3845	4893	5894	5604	5605	5594	5595	123745	5321	8681	100137049	8605	283748	255189	5530	5532	5533	5534	5535	4773	5743	5747	25759	5829	998	5600	6300	5603	1432	9261	7867	3315	6714	5290	5293	5291	5295	5296	8503	110117499	5879	5880	5881	207	208	10000	4846	842	572
04371	Apelin signaling pathway	107	108	109	196883	111	112	113	114	115	55811	5566	5567	5568	3991	8862	100506013	187	2770	2773	2771	2782	2783	2784	59345	10681	54331	2785	2786	2787	2788	94235	2790	2791	55970	51764	2792	2793	2776	23236	5330	5331	5332	3708	3709	3710	6261	6262	6263	810	805	808	801	163688	51806	91860	4842	4843	4846	5581	6548	6546	6543	6547	4638	85366	91807	340156	4633	4634	4635	3265	3845	4893	6237	22800	22808	5894	5604	5605	5594	5595	6198	6199	6194	5294	23533	146850	207	208	10000	2475	1958	6696	182	4854	595	5140	5289	30849	8678	441925	440738	81631	84557	643246	392288	5562	5563	5564	5565	5571	53632	51422	5346	10891	7350	4899	7019	10365	8877	56848	10672	814	9759	10014	4205	4207	100271849	4208	4209	7046	4087	4088	4089	59	999	1490	185	5054	5327
04630	JAK-STAT signaling pathway	3558	3565	3574	3578	3600	59067	85480	3559	3560	3561	3566	3575	3581	3601	50615	64109	3562	3567	1437	3563	3568	1438	1439	3569	3589	3596	246778	386653	5008	3976	1270	1489	23529	3570	3572	3590	3597	3598	9466	133396	9180	3977	1271	3586	29949	50616	50604	11009	55801	3587	3588	53832	53833	58985	116379	3592	3593	51561	3594	3595	149233	2056	2688	2689	1442	1443	1444	5617	7066	1440	3952	2057	2690	5618	4352	1441	3953	3439	3440	3441	3442	3443	3444	3445	3446	3447	3448	3449	3451	3452	3456	338376	56832	282618	282616	282617	3467	3454	3455	163702	3458	3459	3460	1950	5154	5155	1956	5156	5159	3716	3717	3718	7297	6772	6773	6774	6775	6776	6777	6778	10379	1154	8651	8835	9021	122809	9655	30837	9306	596	4170	598	5292	4609	595	894	896	1026	316	2670	10254	8027	5771	5777	1387	2033	8554	9063	10401	51588	2273	5781	2885	6654	6655	3265	5894	5290	5293	5291	5295	5296	8503	110117499	207	208	10000	2475
04064	NF-kappa B signaling pathway	3932	7535	27040	5335	5588	102723407	6850	4067	29760	695	5336	5579	29775	84433	79092	8915	10892	3553	3554	4615	3654	51135	7189	7124	7132	8737	8717	7186	7188	329	330	1896	10913	128178	1540	60401	23586	7706	3929	929	7099	23643	114609	353376	148022	959	958	7187	8600	8792	4049	4050	8740	4055	9020	6885	10454	23118	257397	10673	115650	8517	1147	3551	142	51588	7329	472	55367	23085	4792	4790	5970	10848	8837	331	598	596	1647	4616	10912	7185	597	4791	3576	7128	5743	6351	9560	388372	2919	2920	2921	7412	5328	1457	1459	283106	1460	5971	6357	6363	6366	6387	3383
04668	TNF signaling pathway	7124	7132	9530	6868	64285	79651	83786	8717	7186	7188	8737	329	330	6885	10454	23118	257397	6416	5609	5599	5602	5601	3725	2353	83737	8837	5606	5608	5600	6300	5603	1432	1051	4217	9020	8517	3551	1147	4792	5970	4790	1326	5604	5594	5595	9252	8986	1385	10488	90993	64764	84699	148327	1386	468	9586	1388	11035	8772	841	843	840	836	197259	192111	10059	1540	331	6347	6352	6364	2919	2920	2921	6374	6372	3627	6376	1435	1437	355	8809	182	3553	3569	3600	3976	4049	602	9021	7128	7185	3726	4314	4318	4323	1906	7424	2277	64127	3383	6401	7412	5743	7133	7187	5290	5293	5291	5295	5296	8503	110117499	207	208	10000	153090	3659	3456
04066	HIF-1 signaling pathway	3569	3570	6774	7099	3458	3459	3460	5970	4790	3630	1950	3479	3643	1956	3480	2064	5604	5605	5594	5595	8569	2872	5290	5293	5291	5295	5296	8503	110117499	207	208	10000	2475	1978	1977	9470	253314	6198	6199	6194	3091	7428	9978	6921	6923	8453	54583	112399	112398	405	1387	2033	1536	5335	5336	5578	5579	5582	815	817	816	818	7076	4055	2056	7018	7037	7422	2321	5054	284	285	51378	7010	1906	4843	4846	3162	4878	6513	5163	3101	3098	3099	80201	5213	5214	5211	2597	230	226	229	2027	2026	2023	5232	5230	5209	160287	92483	3939	3945	3948	596	1026	1027	5161	5160	5162
04068	FoxO signaling pathway	7040	7042	7043	7046	7048	4089	4088	6794	5562	5563	5564	5565	5571	53632	51422	51701	6502	4193	80854	1387	2033	23411	7874	6517	5599	5602	5601	6789	3479	3480	3630	3643	3667	8660	8471	5290	5293	5291	5295	5296	8503	110117499	5170	1147	3551	5728	207	208	10000	6446	10110	23678	100533105	2308	2309	4303	100132074	2911	9456	9455	9454	116986	1454	102800317	3569	3586	6774	1950	1956	2885	6654	6655	3265	3845	4893	673	5894	369	5604	5605	5594	5595	5600	6300	5603	1432	1017	3276	2290	891	9133	85417	595	894	901	1030	1032	1026	1027	5934	5347	10769	1263	10733	1647	4616	10912	356	10018	8743	604	664	9140	11337	23710	11345	847	6648	472	5105	5106	2538	57818	92579	3575	10365	1901	8698	5896	5897	26260	114907
04020	Calcium signaling pathway	6546	6543	6547	490	492	493	491	1128	1131	1133	135	136	153	154	155	1812	1816	3274	3360	3361	3362	3363	2778	2774	107	108	109	196883	113	114	115	5566	5567	5568	5350	6588	100507027	401152	100130933	487	489	488	3270	6786	57620	84876	80228	93129	775	776	778	779	773	774	777	8913	8912	8911	1139	89832	2902	2903	2904	2905	2906	116443	116444	5023	22953	5024	5025	5026	9127	5027	6261	6262	6263	10345	844	845	444	10800	57105	1129	148	147	146	185	1909	1910	2149	2911	2915	2925	3269	3356	3357	3358	3973	4923	5021	552	553	56413	5724	5731	5733	5737	623	624	6869	6865	6870	6915	7201	886	887	7852	2776	2767	9630	2769	1950	7039	5154	5155	56034	80310	2246	2247	2248	2249	8822	2251	2252	2253	2254	2255	8823	2250	8817	26281	27006	9965	26291	8074	7422	7423	7424	2277	4803	3082	4485	2668	1956	2064	2065	2066	5156	5159	2260	2263	2261	2264	2321	2324	3791	4914	4915	4916	4233	4486	5979	102723407	5333	113026	84812	23236	5330	5331	5332	5335	5336	51196	89869	3708	3709	3710	952	53373	219931	57192	255231	55283	8877	56848	90550	7416	7417	7419	291	292	293	83447	10105	7134	7125	810	805	808	801	163688	51806	91860	5260	5261	5257	5256	5255	4638	85366	91807	340156	57118	57172	8536	815	817	816	818	814	5530	5532	5533	5534	5535	7942	4772	4773	4775	4776	4842	4843	4846	5136	5153	5137	2185	3707	3706	80271	5578	5579	5582
04070	Phosphatidylinositol signaling system	5297	5298	55361	55300	22908	22876	23396	8394	8395	4952	3633	56623	8867	8871	5290	5293	5291	5295	5296	8503	110117499	5728	3635	3636	3631	8821	200576	4534	8776	8898	8897	9110	55613	9107	9108	64419	79837	5305	8396	90809	55529	5289	5288	5286	5287	23236	5330	5331	5332	5333	113026	84812	51196	5335	5336	89869	253430	3707	3706	80271	3632	3705	64768	9807	51447	117283	9677	23262	3628	3613	3612	54928	8525	8527	9162	1606	8526	1607	160851	1608	1609	139189	1040	8760	10423	3708	3709	3710	5578	5579	5582	810	805	808	801	163688	51806	91860
04072	Phospholipase D signaling pathway	1950	5154	5155	56034	80310	4254	3630	1956	5156	5159	3815	3643	2885	2549	9846	6464	25759	53358	399694	5781	6654	6655	3265	3845	4893	22808	6237	22800	5900	5898	5899	5290	5293	5291	5295	5296	8503	110117499	207	208	10000	7248	7249	6009	2475	387	375	382	5335	5336	102723407	2205	2206	2207	2534	6850	5578	5337	5338	123745	5321	8681	100137049	8605	283748	255189	10554	10555	56894	56895	55326	8877	56848	5894	5604	5605	5594	5595	23396	8394	8395	8525	8527	9162	1606	8526	1607	160851	1608	1609	139189	8611	8613	8612	2147	183	551	3576	185	2149	2911	2912	2913	2914	2915	2916	2917	2918	552	553	554	1902	9170	23566	2846	57121	10161	5737	3577	3579	23236	5330	5331	5332	2768	2185	10672	5294	23533	146850	9265	27128	9266	9267	2778	107	108	109	196883	111	112	113	114	115	10411	11069	1759	26052	1785
04071	Sphingolipid signaling pathway	10558	9517	55304	171546	165679	10715	29956	79603	204219	253782	91012	8560	123099	6609	259230	166929	7124	7132	8439	6610	427	56624	340485	125981	8717	7186	1509	637	581	4217	5599	5602	5601	5600	6300	5603	1432	5590	207	208	10000	596	5515	5516	5519	5518	5520	5521	5522	55844	28227	55012	5523	5526	5527	5528	5529	5525	7157	2205	2206	2207	2534	9846	5290	5293	5291	5295	5296	8503	110117499	5337	5338	8877	56848	3827	134	140	624	4985	2770	2773	2771	23236	5330	5331	5332	5581	5594	5595	81537	130367	4363	8879	1901	9294	3265	3845	4893	5894	5604	5605	5170	4846	5879	5880	5881	1903	2776	5578	5579	5582	8698	53637	2768	10672	387	6093	9475	5728	4790	5970
04024	cAMP signaling pathway	7432	1392	1081	3972	170589	122876	7252	5443	2641	2695	2488	4878	116	153	154	1812	1816	135	3360	3362	5732	117	7434	1394	1395	3973	7253	4158	2740	2696	139760	2492	4881	2778	1906	1907	1908	6750	4852	51738	5020	3350	3351	3352	3354	3355	1128	1129	1813	2550	9568	134	1909	4886	6751	6752	6755	27198	338442	8843	2867	56670	5733	5021	2693	2770	2773	2771	107	108	109	196883	111	112	113	114	115	55811	1259	1260	1261	1262	1258	54714	810	805	808	801	163688	51806	91860	815	817	816	818	814	11149	64091	64208	3776	610	10021	10257	10411	11069	6237	22800	5337	5338	51196	5599	5602	5601	5906	5908	7074	10451	7409	7410	5879	5880	5881	5058	64411	387	4301	5290	5293	5291	5295	5296	8503	110117499	207	208	10000	673	5894	5604	5605	5594	5595	5566	5567	5568	84152	5499	5500	5501	1385	10488	90993	64764	84699	148327	9586	1387	2033	627	2353	3725	2737	2735	5727	64399	4792	4790	5970	6662	268	5465	8310	51	4772	2149	572	3991	6093	9475	4659	10398	7137	5350	487	489	488	6262	2902	2903	2904	2905	2906	116443	116444	2890	2891	2892	2893	1080	476	477	478	480	23439	481	482	483	486	5348	6548	84876	490	492	493	491	775	776	778	779	5139	5140	5141	5142	5143	5144	10846
04022	cGMP-PKG signaling pathway	185	1909	1910	148	147	146	150	151	152	2776	2767	2768	10672	7225	5530	5532	5533	5534	5535	4205	4207	100271849	4208	4209	4772	4773	4775	4776	6722	2626	4625	4624	4879	4878	4881	4880	4882	5592	5593	775	776	778	779	3778	157855	3779	10242	27094	27345	6546	6543	6547	476	477	478	480	23439	481	482	483	486	490	492	493	491	5997	2969	23236	5330	5331	5332	3708	3709	3710	10335	5350	487	489	488	387	6093	9475	4659	5499	5500	5501	810	805	808	801	163688	51806	91860	4638	85366	91807	340156	10398	1259	1258	107	108	109	196883	111	112	113	114	115	5138	5139	5140	8654	2977	2982	2983	3827	624	4985	134	140	2770	2773	2771	3630	3643	3667	8660	8471	5294	23533	146850	207	208	10000	4846	153	154	155	5581	3764	7416	7417	7419	291	292	293	83447	10105	1385	1386	468	10488	90993	64764	84699	148327	9586	1388	572	7408	5894	5604	5605	5594	5595
04151	PI3K-Akt signaling pathway	1950	7039	2069	374	2246	2247	2248	2249	8822	2251	2252	2253	2254	2255	8823	2250	8817	26281	27006	9965	26291	8074	4803	627	4908	4909	3630	3479	3481	5154	5155	56034	80310	1435	4254	2323	7422	7423	5228	7424	2277	3082	284	285	51378	1942	1943	1944	1945	1946	125467750	2668	4902	9048	5623	1956	2064	2065	2066	2260	2263	2261	2264	4804	4914	4915	3643	3480	5156	5159	1436	3815	2322	2321	2324	3791	4233	7010	1969	5979	2885	6654	6655	3265	3845	4893	5894	5604	5605	5594	5595	3667	7097	7099	5879	102723407	6850	930	118788	2688	2689	1442	1443	1444	5617	5008	3558	3562	3569	3565	3574	3439	3440	3441	3442	3443	3444	3445	3446	3447	3448	3449	3451	3452	3456	2056	1440	2690	5618	9180	3559	3560	3561	3563	3570	3566	3575	3454	3455	2057	1441	3716	3717	3718	1277	1278	1280	1284	1286	1288	1282	1287	1285	1291	1292	1293	131873	256076	1297	1298	1299	284217	3908	3909	3911	3910	3912	3913	3914	22798	3915	3918	10319	1101	5649	7057	1311	7058	7059	7060	2335	6696	7448	3371	63923	7143	7148	7450	3381	3672	3673	3674	3675	3676	3678	3655	3679	8516	3680	8515	22801	3685	3688	3690	3691	3693	3694	3695	3696	5747	5290	5293	5291	5295	5296	8503	110117499	2149	1128	1129	1902	9170	23566	2846	57121	10161	2782	2783	2784	59345	10681	54331	2785	2786	2787	2788	94235	2790	2791	55970	51764	2792	2793	5294	23533	146850	5170	6794	5562	5563	54541	7248	7249	6009	64223	2475	57521	1978	1977	9470	253314	6198	6199	1975	6194	5578	5585	5586	29941	6446	10110	23678	100533105	207	208	10000	9223	9863	5728	117145	5515	5516	5519	5518	5520	5521	5522	55844	28227	55012	5523	5526	5527	5528	5529	5525	3320	3326	7184	11140	200186	23239	23035	8115	9623	4515	4846	672	2932	2998	2997	5105	5106	2538	57818	92579	4609	595	1026	1027	1017	1019	1021	894	896	898	9134	2309	5934	356	10018	7534	7529	10971	7531	7533	7532	572	598	596	842	1385	1386	468	10488	90993	64764	84699	148327	9586	1388	4170	6256	3164	8517	1147	3551	5970	4790	4602	4193	7157
04152	AMPK signaling pathway	6885	6794	51719	81617	92335	55437	3952	3953	10645	148	9370	51094	79602	5562	5563	5564	5565	5571	53632	51422	5207	5208	5209	5210	2203	8789	5213	5214	5211	3172	2538	57818	92579	5105	5106	200186	1385	10488	90993	64764	84699	148327	9586	10891	1994	595	890	8900	29904	1938	2308	2309	23411	6517	2998	2997	3991	3156	6720	2194	31	6319	79966	32	23417	1374	1375	126129	1149	5515	5516	5519	5518	5520	5521	5522	55844	28227	55012	5523	5526	5527	5528	5529	5525	23216	5862	4218	10890	9230	51552	1080	948	3479	3480	3630	3643	3667	8660	8471	5290	5293	5291	5295	5296	8503	110117499	5170	207	208	10000	7249	7248	6009	2475	57521	84335	6198	6199	1978	5468	8408
04150	mTOR signaling pathway	8140	6520	153129	523	525	526	245973	528	51382	90423	529	9296	101927180	9550	127124	534	51606	55004	28956	8649	389541	10542	201163	96459	57600	10670	10325	64121	58528	83667	652968	729438	54468	81929	84219	79726	6396	9681	10641	8131	6502	220441	57521	84335	2475	64798	64223	9894	9675	6249	2887	23175	64900	9663	8408	9706	1978	1977	9470	253314	6198	6199	1975	6194	92335	55437	6794	51719	81617	5562	5563	7248	7249	51256	6009	54541	7471	7472	7482	7473	89780	54361	7474	81029	7475	7476	7477	7478	7479	7483	7484	7480	80326	7481	51384	8321	8324	2535	7976	8322	7855	8325	8323	11211	8326	4041	4040	1857	1856	1855	2932	7124	7132	3551	3630	3479	3643	3480	2885	6654	6655	3265	3845	4893	673	5894	5604	5605	5594	5595	6197	6195	6196	27330	3667	5295	5296	8503	110117499	5290	5293	5291	5728	5170	207	208	10000	1147	79109	253260	55615	79899	387	5578	5579	5582	6446
04075	Plant hormone signal transduction04080	Neuroactive ligand-receptor interaction	1128	1129	1131	1132	1133	148	147	146	150	151	152	153	154	155	1812	1813	1814	1815	1816	3269	3274	11255	59340	3350	3351	3352	3354	3355	3356	3357	3358	3360	3361	3362	3363	134860	319100	134864	83551	9038	9287	183	185	186	8862	100506013	187	4828	2922	4829	2925	680	3827	623	624	718	719	727	728	7425	2357	2359	2358	885	886	887	1906	1907	1908	1909	1910	51083	85569	80763	2587	8811	8484	51738	2693	3814	84634	5443	4157	4158	4159	4160	4161	4295	2862	10874	129521	10316	56923	8620	64111	64106	10886	594857	387129	4852	5697	5539	4886	4887	5540	100996758	4889	10888	283869	256933	2831	2832	4922	4923	23620	5179	5173	5368	4985	4986	4988	4987	347148	84109	3060	3061	3062	5020	5021	6750	1325	6751	6752	6753	6754	6755	6863	255061	6869	6865	6866	6870	10911	257313	2837	551	552	553	554	2147	1511	3001	5340	5646	5645	5644	2149	2150	2151	9002	51052	2834	5367	2847	84539	2488	1081	2492	3972	3973	7252	170589	122876	7253	5729	5731	5732	5733	5734	5737	5739	6915	134	135	136	140	5029	5028	5030	5031	10161	27334	9934	286530	5032	53829	2859	1268	1269	5724	2796	2797	2798	7200	7201	4543	4544	9248	1902	9170	23566	2846	1901	9294	1903	8698	53637	1241	56413	4142	6013	6019	117579	3640	10022	59350	122042	51289	339403	10800	57105	796	797	133	79924	3375	799	10203	1392	7349	114131	90226	1394	1395	2695	2696	2641	2642	2740	9340	2691	2692	5741	113091	5745	5746	116	117	6343	6344	7432	7433	7434	2911	2912	2913	2914	2915	2916	2917	2918	2550	9568	165829	79957	344838	2902	2903	2904	2905	2906	116443	116444	2554	2555	2556	2557	2558	2559	2560	2562	2561	2563	2564	2565	2566	2567	2568	2569	2570	200959	55879	57152	432355	130574	130576	66004	399968	160065	100169851	399967	1134	1135	1136	1137	1138	8973	1139	89832	55584	57053	1140	1141	1142	1143	1144	1145	1146	5023	22953	5024	5025	5026	5027	9127	2890	2891	2892	2893	2897	2898	2899	2900	2901	2894	2895	2741	2742	8001	2743	7442	706	2908	2688	2689	1442	1443	1444	2690	7067	7068	3952	3953	5617	5618	10424	10857	27346
04060	Cytokine-cytokine receptor interaction	6346	6370	6363	6366	6348	6349	414062	6351	9560	388372	6361	6367	6352	6355	6358	6360	6359	6368	6357	6354	6347	6356	6369	10344	10850	56477	6362	6364	2919	2920	2921	6374	6372	3576	5473	5196	5197	4283	3627	6373	10563	6387	58191	9547	284340	6375	6846	6376	3558	3565	3574	3578	3600	59067	85480	3562	3567	1437	3596	2056	2688	2689	1442	1443	1444	5617	7066	1440	3952	3569	3589	3592	3593	51561	246778	10148	386653	23529	1270	1489	3976	5008	3586	29949	50604	11009	50616	55801	282616	282617	282618	3439	3440	3441	3442	3443	3444	3445	3446	3447	3448	3449	3451	3452	3456	3467	56832	338376	3458	3552	3553	3557	26525	27179	27177	56300	84639	27178	3606	90865	3605	112744	27190	27189	53342	64806	3603	9235	146433	1435	7124	4049	4050	8740	356	9966	8743	1896	4803	8600	8742	970	944	959	8744	7292	8995	8741	10673	7040	7042	7043	9518	2658	27302	3623	651	2662	10220	2660	3624	3625	2657	9573	4838	2661	3626	83729	268	650	652	8200	392255	151449	9210	653	654	655	656	353500	1237	10803	51554	1236	1233	1234	1232	729230	1230	2826	1235	3577	3579	2833	643	7852	57007	10663	2829	1524	3559	3560	3561	3566	3575	3581	3601	50615	64109	3563	1439	3568	1438	3597	3598	2057	2690	5618	4352	1441	3953	3570	3572	3590	3594	3595	149233	9466	133396	1271	3977	9180	3587	3588	53832	53833	58985	163702	3454	3455	3459	3460	3554	3556	7850	8808	8809	8807	9173	23765	84818	55540	132014	920	1436	7132	7133	4055	8764	8771	355	8718	8797	8795	8794	8793	27242	10913	60401	4804	4982	8792	51330	939	943	958	3604	7293	8784	608	23495	115650	55504	84957	285613	768211	7046	7048	94	92	659	93	91	130399	90	269	657	658
04061	Viral protein interaction with cytokine and cytokine receptor	6352	6348	6349	414062	6355	6358	6360	6359	6368	6357	6354	6347	10850	6356	6369	10344	56477	6361	6367	6351	9560	388372	6364	6346	6370	6362	6363	6366	2919	2920	2921	6374	6372	3576	5473	5196	5197	4283	3627	6373	10563	6387	9547	6375	6846	6376	3586	3569	3558	3606	27178	29949	50604	11009	7124	4049	8740	8743	146433	1435	1230	729230	1232	1233	1234	1235	1237	10803	51554	2826	1236	3577	3579	2833	643	7852	57007	2829	1524	3587	3588	3570	3572	3559	3560	3561	8809	8807	53832	53833	58985	7132	7133	4055	8764	8797	8795	8794	8793	1436
04512	ECM-receptor interaction	1277	1278	1280	1284	1286	1288	1282	1287	1285	1291	1292	1293	131873	256076	1297	1298	1299	284217	3908	3909	3911	3910	3912	3913	3914	22798	3915	3918	10319	1101	5649	7057	1311	7058	7059	7060	2335	6696	7448	3371	63923	7143	7148	255743	80144	341640	158326	1834	7450	3381	1758	56955	375790	3339	3672	3673	3674	3675	3676	3678	3655	3679	8516	3680	8515	22801	3685	3688	3690	3691	3693	3694	3695	3696	960	6382	6385	22987	9899	9900	948	2814	2811	2812	2815	51206	1605	961	3161
04514	Cell adhesion molecules	965	914	64115	152404	941	29126	940	942	1493	23308	29851	3108	3109	3111	3112	3113	3115	3117	3118	3119	3122	3123	3125	3126	3127	920	3105	3106	3107	3134	3135	3133	925	926	927	80380	80381	79679	5133	958	959	214	923	5817	10666	5819	201633	3683	3689	3383	3384	3385	933	5788	6614	6693	25945	1364	1365	1366	149461	10686	23562	24146	26285	49861	5010	51208	53842	7122	9071	9073	9074	9075	9076	9080	137075	100288814	644672	100132463	9069	100506658	50848	58494	83700	90952	1003	5175	4267	83692	3684	6404	6403	3676	3688	3680	7412	3695	8174	6402	947	2734	6401	5818	1000	4684	4685	3897	23705	257194	22854	57689	84628	64101	5792	94030	6382	6383	9672	6385	3685	3696	8516	9378	9379	9369	22871	57555	54413	57502	22829	5802	114798	84631	139065	26050	84189	5789	22865	57863	4897	1272	5797	6900	23114	8506	26047	4359	4099	999	1462	3655	1001	1002	1013	4756
04144	Endocytosis	382	23396	8394	8395	138429	5337	5338	1759	26052	1785	1211	1212	1213	8218	161	160	163	1173	1175	30846	7046	7048	9372	9765	5371	4087	4088	7037	1956	5156	2263	2261	2264	3480	867	868	23624	30011	6457	6456	6455	51100	56904	273	274	29924	55040	22905	2060	58513	23111	4734	23327	4193	7189	10193	83737	57154	64750	11059	3949	26119	1601	1234	3577	3579	7852	131890	6011	156	157	2868	2869	2870	408	409	8976	10097	57180	653857	10096	10095	10552	10109	10094	10093	10092	81873	147179	7456	644150	3312	3303	3305	3304	3310	9829	23325	9897	253725	387680	100287171	124908102	51019	829	830	93661	832	51699	112936	9559	55737	29934	8724	9101	10617	7879	9146	10254	8027	7251	93343	89853	51160	155382	137492	79720	55048	11267	51028	84313	79643	128866	29082	92421	51652	100526767	27243	25978	91782	9525	27183	51534	57132	5119	51510	9798	10015	51324	3482	6642	6643	254122	27131	58533	6714	3265	3559	3560	3561	387	3105	3106	3107	3134	3135	3133	2348	2350	2352	857	858	859	30845	30844	8411	5868	5869	5878	9135	64145	5867	80230	55680	10938	11311	8723	57403	11031	10890	4218	11021	8766	9230	22841	80223	26056	118813	3798	3799	3800	84440	9727	56288	50855	84552	84612	5590	5584	998	64744	60682	28964	9815	50807	55616	8853	116983	23527	9744	116985	116984	64411	116987	116988	119016	414189	642517	729092	116986	55738	26286	84364	23362	23550	5662	84249	23096	9922	440073	9265	27128	9266	9267	10564	10565	8729	375	377	378	381
04145	Phagosome	9341	23673	8417	71	60	11151	53407	9554	3105	3106	3107	3134	3135	3133	3108	3109	3111	3112	3113	3115	3117	3118	3119	3122	3123	3125	3126	3127	5868	5869	5878	8411	5289	7037	9146	523	525	526	245973	528	51382	90423	529	9296	101927180	9550	127124	534	8992	155066	10312	23545	50617	535	9114	245972	51606	527	533	537	7879	338382	83547	1778	79659	1780	1781	1783	51143	10376	7277	7278	7846	84790	51807	112714	113457	79861	84617	203068	81027	7280	10381	10382	347688	347733	10383	260334	3916	3920	200576	4074	4842	4353	1514	1520	29927	55176	10952	23480	6890	6891	811	821	2204	2209	2212	2213	9103	2214	2215	102723407	715	3684	3689	718	78989	81035	4153	653509	729238	6441	3685	3673	3678	3688	3690	3693	7057	1311	7058	7059	7060	7097	10333	7099	929	22925	4360	9902	10332	30835	64581	4481	8685	4973	949	948	1535	1536	5879	653361	4688	4689
04142	Lysosome	10312	23545	50617	535	9114	245972	51606	537	527	533	1657	23312	23335	135112	5476	1508	1075	1509	1510	8722	1511	1512	1513	1514	1519	1520	1515	1521	1522	9476	5641	1200	2717	2720	2548	2629	3425	4668	4669	2581	2990	2517	2519	3073	3074	4126	4125	4758	8692	3373	6677	23553	8372	410	411	22901	2588	2799	3423	6448	3988	23659	1777	58511	53	54	6609	427	175	5660	768239	2760	5538	9374	3916	3920	27074	968	967	950	4864	10577	1497	26503	6556	4891	55353	7805	9741	20	23457	8763	9583	6272	1201	1203	256471	138050	285362	79158	84572	51172	3482	4074	1211	1212	1213	8218	164	8906	162	8907	10053	1174	8905	130340	8943	8120	8546	26985	10947	10239	1176	23431	10717	9179	11154	23062	23163	26088	57192	9516
04146	Peroxisome	9409	8504	5824	5825	5189	5190	55670	5191	5830	51555	5195	5194	5193	5192	5828	5827	4358	84769	255027	11264	8800	8799	92960	10478	26061	23600	5264	8310	51	8309	3295	6342	570	1962	30	26063	1891	215	225	5826	11001	23305	2182	2180	51703	2181	55825	10455	283927	83594	25961	390916	10005	1384	54677	23417	8443	8540	55711	84188	4598	10654	189	1610	8528	3417	3418	196743	51268	3155	54511	51179	54363	847	25824	6647	6648	4843	5052	2053	373156	7498	10901
04140	Autophagy - animal	3630	3480	3667	8660	8471	5290	5293	5291	5295	5296	8503	110117499	5170	207	208	10000	5728	3265	3845	4893	22808	6237	22800	5894	5604	5605	5594	5595	3091	54541	7249	7248	664	6009	57521	64798	2475	84335	64223	6198	6199	3476	5515	5516	8408	9706	9776	60673	9821	23130	55102	26100	55062	56270	11152	285973	79065	55578	100130302	170067	140775	55255	203228	4218	116442	8878	29110	10010	5861	10670	10325	64121	58528	6794	5562	5563	5566	5567	5568	5580	5599	5602	5601	596	598	572	8678	441925	29982	30849	5289	22863	55626	7189	58476	81671	55014	7405	51100	9711	10645	6885	2081	3708	1612	1613	23604	3146	118471	9451	440275	1965	8897	9110	64419	53349	9140	9474	55054	89849	10533	83734	64422	8837	83452	5588	11337	23710	11345	440738	81631	84557	643246	392288	115201	23192	84938	84971	4077	10133	10241	8887	23001	7311	6233	7314	7316	9342	8673	10652	8417	57724	9842	55823	64601	57617	65082	23339	27072	57448	26003	64689	7879	338382	3916	3920	1509	1514	1508
04138	Autophagy - yeast04136	Autophagy - other	57521	2475	64223	9706	9776	60673	3476	5515	5516	285973	79065	23130	55102	26100	55062	8678	441925	5289	30849	9140	9474	55054	10533	83734	64422	11337	23710	11345	115201	23192	84938	84971
04137	Mitophagy - animal	55626	65018	54543	10452	84134	387990	9804	9868	5071	54708	7186	57154	64750	267	79594	10075	6477	25820	55669	9927	55288	89941	7311	6233	7314	7316	8887	8878	10241	10133	4077	29110	11337	23710	11345	440738	81631	84557	643246	392288	8678	441925	9101	9958	84749	598	192111	1457	1459	283106	1460	6714	8408	139341	664	665	23786	23770	25813	11331	79671	345778	4580	10651	9451	1965	468	5599	5602	5601	3725	5970	3265	3845	4893	22808	6237	22800	1869	3091	6667	7157	2309	10370	4286	7942	7030	27342	5868	5869	5878	22879	84315	221960	51622	7879	338382	64786	79735	51024	285973	79065	4976	7415
04139	Mitophagy - yeast04148	Efferocytosis	836	840	834	24145	5029	5031	64805	8877	56848	1901	8398	19	29933	6868	102	6376	1524	4773	4772	4775	4776	3091	405	2056	2057	3717	5594	5595	1051	5468	6256	4240	2621	10461	948	7057	5604	5605	5743	5732	5734	1788	1385	7040	487	489	488	815	817	816	818	5600	6300	5603	1432	9261	240	246	1846	1844	1849	1850	1847	80824	196527	63982	121601	203859	50636	338440	682	55113	389668	343702	114786	286046	10396	51761	23200	23250	286410	55754	5627	3685	3690	3693	558	7301	575	91937	26762	84868	177	23166	55576	5747	9564	1398	1399	9844	1793	5879	8754	811	712	713	714	4035	84466	84465	8578	51454	64284	5868	5869	5878	9392	23355	55823	64601	57617	65082	51552	23339	27072	7879	338382	54896	384	383	4953	9023	10062	7376	1374	1375	126129	7386	23411	5087	3586	3988	23659	5467	6513	6566	6446	961	100133941	5175	89790	140885	55423	10326	5777	5781
04110	Cell cycle	595	894	896	1019	1021	5925	5933	5934	25	3065	3066	1869	1870	1871	1874	1875	7027	7029	2932	7040	7042	7043	4087	4088	4089	4609	7709	1029	1030	1031	1032	1027	1028	1026	898	9134	1017	6500	8454	9978	6502	890	8900	990	81620	4998	4999	23595	5000	5001	23594	4171	4172	4173	4174	4175	4176	8318	90381	27085	8317	10926	80174	983	891	9133	85417	994	995	7534	7529	10971	7531	7533	7532	5347	7465	494551	9088	902	1022	64682	29882	996	29945	51433	8881	51434	8697	10393	51529	246184	25847	25906	119504	991	9232	10744	9700	8243	27127	9126	5885	10735	10274	546	1663	25836	23383	55869	114799	157570	23244	23047	23063	113130	9212	151648	5515	5516	5519	5518	5526	5527	5528	5529	5525	10403	57082	7272	8379	4085	10459	701	9184	699	9319	9587	51343	26271	8555	8556	168448	1387	2033	5591	545	472	4193	7157	1647	4616	10912	5111	2810	1111	11200	993
04111	Cell cycle - yeast04112	Cell cycle - Caulobacter04113	Meiosis - yeast04114	Oocyte meiosis	3630	3479	3480	5241	367	107	108	109	196883	111	112	113	114	115	5566	5567	5568	6790	64506	132864	22849	80315	4342	5604	5594	5595	6197	6195	6196	27330	9088	7534	7529	10971	7531	7533	7532	245711	387778	100310812	100505767	100996746	102723555	102723849	285955	388333	441272	441273	442590	729597	105180391	100101268	643862	643909	728524	105180390	641776	442572	983	1017	5600	6300	5603	1432	5499	5500	5501	9748	5347	995	9133	9978	8454	6500	8945	23291	26271	64682	29882	996	29945	51433	8881	51434	8697	10393	51529	246184	25847	25906	119504	991	286151	9232	10744	9700	9985	10734	8243	27127	9126	891	699	4085	10459	8379	898	9134	151648	5526	5527	5528	5529	5525	5519	5518	5515	5516	89869	3708	3709	3710	810	805	808	801	163688	51806	91860	5530	5532	5533	5534	5535	815	817	816	818
04210	Apoptosis	8743	8797	8795	356	355	8772	7124	7132	8717	8837	841	843	839	836	840	637	581	578	56616	5414	27429	54205	317	842	5551	3002	10376	7277	7278	7846	84790	51807	112714	113457	79861	4170	71	60	6709	4000	4001	84823	142	10038	10039	143	1676	1677	2021	9131	2081	7186	3708	3709	3710	823	824	100506742	9451	1965	468	1649	1508	1075	1509	8722	1512	1513	1514	1519	1520	1515	1521	1522	329	330	331	332	10018	598	596	1616	8737	153090	4217	5599	5602	5601	572	3725	2353	7157	8739	9020	1147	3551	8517	4792	4790	5970	5783	1647	4616	10912	7185	597	472	55367	63970	27113	5366	835	4803	4914	3562	3563	1439	5290	5293	5291	5295	5296	8503	110117499	5170	207	208	10000	3265	3845	4893	5894	5604	5605	5594	5595
04214	Apoptosis - fly04215	Apoptosis - multiple species	7132	8772	841	840	836	637	10018	5366	27113	596	598	581	578	54205	317	842	56616	27429	5414	329	330	331	332	5599	5602	5601	666	79444	4804	8678	441925	57448
04216	Ferroptosis	6520	23657	7157	2729	2730	2937	2879	23305	2182	2180	51703	2181	10162	246	112483	6303	7018	7037	55240	4891	64116	23516	5094	30061	1356	5093	2495	2512	440738	81631	84557	643246	392288	9474	10533	8031	5621	3162	7417	7419	1536	94033
04217	Necroptosis	7124	7132	8717	7186	7188	8737	329	330	331	10616	55072	81858	124044	9825	1540	8772	841	8837	11035	1536	815	817	816	818	291	292	293	83447	5481	7416	7417	7419	2747	2746	2752	5836	5837	5834	5599	5602	5601	2495	2512	123745	5321	8681	100137049	8605	283748	255189	246	823	824	6609	197259	192111	10059	114548	29108	834	3553	27243	25978	51652	100526767	128866	29082	92421	79643	9525	27183	57132	5119	51510	91782	54822	3552	90865	3146	8743	8797	8795	356	355	3439	3440	3441	3442	3443	3444	3445	3446	3447	3448	3449	3451	3452	3456	3458	3454	3455	3459	3460	3716	3717	3718	7297	6772	6773	6774	6775	6776	6777	6778	10379	5610	7099	353376	148022	7098	81030	27005	8878	3320	3326	7128	142	637	581	9131	3014	8338	85235	221613	92815	83740	3012	8335	55506	9555	723790	55766	474382	8336	8337	8969	317772	94239	3013	3015	8330	8334	8329	8331	8332	474381	115482686	5478	596
04115	p53 signaling pathway	472	11200	545	1111	92344	1029	4193	4194	7157	10848	1026	595	894	896	1019	1021	898	9134	1017	2810	56475	891	9133	983	1647	4616	10912	51512	25946	355	55367	8797	8795	841	637	581	5366	27113	63970	10572	598	596	9540	9538	51246	64065	64393	6477	54205	317	842	836	84883	3486	3479	5054	575	3732	7057	5268	1643	50484	6241	27244	143686	83667	5728	7249	55240	64326	25898	900	901	8493	7161
04218	Cellular senescence	7040	7042	7043	7046	7048	4087	4088	1030	1019	1021	595	894	896	5925	5933	5934	1869	1870	1871	1874	1875	5290	5293	5291	5295	5296	8503	110117499	2308	2309	1026	1017	898	9134	3105	3106	3107	3134	3135	3133	3805	3845	4893	6237	22800	22808	3265	207	208	10000	7248	7249	6009	2475	5728	23411	890	8900	4605	286826	55957	91750	132660	5928	2305	4609	1029	4193	7157	83593	8945	23291	10114	204851	28996	147746	5499	5500	5501	5894	5604	5605	5594	5595	2113	5606	5608	5600	6300	5603	1432	1647	4616	10912	983	891	9133	85417	4361	10111	4683	472	11200	5883	144715	5810	3364	545	1111	993	8878	2626	10758	4790	5970	3552	3569	3576	3486	5054	1978	9261	677	678	776	59341	54822	823	824	810	805	808	801	163688	51806	91860	5530	5532	5533	5534	5535	4772	4773	4775	4776	3708	3709	3710	291	292	293	83447	5481	7416	7417	7419	90550
04510	Focal adhesion	1277	1278	1280	1284	1286	1288	1282	1287	1285	1291	1292	1293	131873	256076	1297	1298	1299	284217	3908	3909	3911	3910	3912	3913	3914	22798	3915	3918	10319	1101	5649	7057	1311	7058	7059	7060	2335	6696	7448	3371	63923	7143	7148	7450	3381	3672	3673	3674	3675	3676	3678	3655	3679	8516	3680	8515	22801	3685	3688	3690	3691	3693	3694	3695	3696	2013	5154	5155	56034	80310	1950	3479	7422	7423	5228	7424	2277	3082	5156	5159	3480	3791	1956	2321	2324	4233	2064	2012	6714	2909	394	387	1729	6093	9475	4633	4636	58498	10398	93408	103910	10627	29895	5499	5500	5501	4659	4660	54776	4638	85366	91807	340156	23396	8394	8395	71	60	5923	824	87	81	7094	83660	2316	2317	5829	3611	7791	7408	7414	29780	55742	64098	5170	207	208	10000	2932	1499	5578	5579	5582	5747	5290	5293	5291	5295	5296	8503	110117499	5728	10451	7409	7410	5879	5880	5881	5058	5062	5063	10298	57144	56924	106821730	998	9564	1398	1399	1793	2889	5906	5908	5599	5602	5601	3725	673	857	858	859	2534	6464	25759	53358	399694	2885	6654	6655	3265	5894	5604	5594	5595	2002	595	894	896	329	330	331	572	596
04520	Adherens junction	5818	5819	25945	81607	56288	6714	9855	998	5879	5880	5881	8976	7454	8826	10458	8936	10163	10810	4301	4008	117178	10580	87	81	7414	7082	999	1500	1499	29119	1495	1496	71	60	387	52	5797	5787	5792	5770	5777	5795	1457	1459	283106	1460	6932	83439	6934	51176	3480	3643	4233	1956	2064	2260	2241	2534	7525	5594	5595	6591	6615	7046	7048	4088	4089	1387	2033	6885	51701	1003	57493	889	83605	11235	57154	64750	5906	5908	54922	55698	9411	6093	9475	4633	4636	58498	10398	93408	103910	10627	29895
04530	Tight junction	92359	1364	1365	1366	149461	10686	23562	24146	26285	49861	5010	51208	53842	7122	9071	9073	9074	9075	9076	9080	137075	100288814	644672	100132463	9069	100506658	50848	58494	83700	11149	998	50855	84552	84612	64398	58538	27134	10207	8777	5590	5584	154796	154810	51421	55114	5879	4771	3993	3996	1739	23513	5515	5516	5519	5518	5520	5521	5522	55844	56288	7074	7082	93643	1740	1741	4734	23327	57530	84952	9181	387	2626	91862	4214	5599	5602	5601	3725	909	910	911	912	913	1080	1019	8531	8189	5111	595	2064	861	3308	9368	7430	5962	4478	5581	71	60	776	4217	5609	6714	2017	3059	10097	57180	653857	10096	10095	10552	10109	10094	10093	10092	81873	123720	7454	7408	5566	5567	5568	5872	23370	6093	9475	4633	54566	6794	5562	5563	5564	5565	5571	53632	51422	4627	4628	4629	79784	140465	4637	10398	103910	10627	150084	9223	11346	87	81	79778	4218	51762	51735	5906	3688	4301	9414	9693	57826	153562	10376	7277	7278	7846	84790	51807	112714	113457	79861
04540	Gap junction	2697	57369	1902	2770	2773	2771	5154	5155	56034	80310	1950	5156	5159	1956	2885	6654	6655	3265	3845	4893	5894	5604	5605	5594	5595	6714	10746	5607	5598	10376	7277	7278	7846	84790	51807	112714	113457	79861	84617	203068	81027	7280	10381	10382	347688	347733	10383	260334	1453	983	7082	153	1812	2778	1813	107	108	109	196883	111	112	113	114	115	5566	5567	5568	3356	3357	3358	2911	2915	2767	2776	23236	5330	5331	5332	3708	3709	3710	5578	5579	5582	2977	2982	2983	5592	5593
04550	Signaling pathways regulating pluripotency of stem cells	3976	3977	3572	3716	3717	3718	6774	9314	6657	4609	2885	5604	5605	5594	5595	5290	5293	5291	5295	5296	8503	110117499	207	208	10000	6926	79923	388112	3624	3625	3626	83729	4838	91	130399	92	93	4087	4088	652	657	658	90	659	4086	4090	4093	4089	3397	3398	3399	3400	1852	5600	6300	5603	1432	7471	7472	7482	7473	89780	54361	7474	81029	7475	7476	7477	7478	7479	7483	7484	7480	80326	7481	51384	8321	8324	2535	7976	8322	7855	8325	8323	11211	8326	1857	1856	1855	2932	8312	8313	324	10297	1499	6929	2103	6932	5460	5462	2247	2260	2263	2261	2264	3265	3845	4893	5894	3479	3480	8820	7547	10637	7044	6498	56916	7994	9869	3720	5978	55183	84759	7703	10336	648	100532731	84333	84108	5080	4211	3211	3198	3231	64211	5013	4762	9421	1749	4617	3175	3670	463	80712
02024	Quorum sensing05111	Biofilm formation - Vibrio cholerae02025	Biofilm formation - Pseudomonas aeruginosa02026	Biofilm formation - Escherichia coli02030	Bacterial chemotaxis02040	Flagellar assembly04814	Motor proteins	1778	79659	1780	1781	1783	51143	51626	8655	140735	83658	83657	6993	6990	6991	343521	200132	25981	55567	146754	56171	1767	1768	1770	8701	201625	127602	1769	196385	8632	27019	64446	126820	79819	7802	83544	10126	1639	10540	11258	51164	84516	10671	10121	10120	55860	829	830	93661	832	92558	146439	84376	10376	7277	7278	7846	84790	51807	112714	113457	79861	84617	203068	81027	7280	10381	10382	347688	347733	10383	260334	27175	7283	51174	51175	3798	3799	3800	147700	3831	64837	89953	11127	9371	22920	3797	57576	23095	547	10749	23303	63971	9928	55614	57519	24137	285643	374654	23046	55605	55582	3832	10112	9585	9493	1062	81930	146909	124602	221458	64147	3835	26153	55083	113220	56992	84643	11004	347240	3796	3833	3801	90990	3834	283446	4430	4542	4640	4641	4642	4643	64005	140469	53904	4644	4645	55930	4646	4647	4648	4649	4650	4651	51168	80022	23026	399687	84700	80179	4619	4622	4626	4620	4621	57644	22989	8735	4625	4624	4627	4628	4629	79784	4632	4634	4635	140465	4637	4633	4636	58498	10398	93408	103910	10627	29895	58	59	70	72	71	60	7134	7135	7138	7125	7136	7140	7137	7139	7168	7169	7170	7171
04820	Cytoskeleton in muscle cells	1277	1278	1281	1289	1290	50509	1301	255631	85301	1302	1297	1298	1299	1634	1462	2006	1291	1292	1293	131873	256076	7057	1311	7058	7059	7060	2200	2201	84467	1284	1286	1288	1282	1287	1285	2192	2199	3339	4811	22795	2335	6382	6383	9672	6385	375790	633	1824	1829	5318	3728	1832	7431	1674	284217	3908	3672	3673	3674	3675	3676	3678	3655	3679	8516	3680	8515	22801	3685	3688	3690	3691	3693	3694	3695	3696	7094	83660	7414	89	88	71	60	72	1605	6442	8910	6443	6444	6445	137868	8082	1756	6640	6645	6641	1837	2318	476	477	478	480	23439	481	482	483	288	6709	51332	57731	6711	6712	1465	1466	8048	4619	4622	4626	4620	4621	57644	22989	8735	4625	4624	4627	4628	4629	79784	4632	4634	4635	4633	4636	58498	10398	29895	4604	4606	4607	4608	343263	58	70	7134	7135	7138	7125	7136	7140	7137	7139	7168	7169	7170	7171	7273	9499	8557	171024	4703	10529	58529	51778	91977	27295	64236	8572	9124	829	830	93661	832	165904	129446	4892	84665	11155	10611	9260	29765	29766	29767	7111	7791	2273	2274	2275	442721	25802	56203	27063	26287	200539	114793	752	91010	64423	23002	23500	1729	1730	81624	56776	8736	9172	127294	2027	2026	2023	287	1158	57159	84675	84676	271	272	270	84033	825	5339	161176	23345	23224	23353	25777	79188	2010	3930	4000	4001	84823
04810	Regulation of actin cytoskeleton	1902	9170	2846	57121	6387	7852	2147	2149	3630	1950	2246	2247	2248	2249	8822	2251	2252	2253	2254	2255	8823	2250	8817	26281	27006	9965	26291	8074	5154	5155	56034	80310	3645	1956	2260	2263	2261	2264	5156	5159	2335	3672	3673	3674	3675	3676	3678	3655	3679	8516	3680	8515	22801	3685	3683	3684	3687	3681	3682	3688	3689	3690	3691	3693	3694	3695	3696	3827	623	624	1128	1129	1131	1132	1133	727	729	730	731	732	733	735	2768	10672	55970	2245	89846	5747	9564	1398	1399	1793	6714	6654	6655	3265	3845	4893	6237	22800	22808	9459	5290	5293	5291	5295	5296	8503	110117499	10451	7409	7410	7074	369	673	5894	4342	5604	5605	5594	5595	207	208	10000	28984	9138	23365	2909	387	5879	5880	5881	998	5058	5062	5063	10298	57144	56924	106821730	8874	28964	6093	9475	4638	85366	91807	340156	5499	5500	5501	4659	4660	54776	4633	4636	58498	10398	93408	103910	10627	29895	4627	4628	4629	79784	1729	1730	6548	23396	8394	8395	79837	5305	8396	200576	3984	3985	81624	10458	55740	8976	10163	23191	26999	10787	3071	10152	55845	8936	10097	57180	653857	10096	10095	10552	10109	10094	10093	10092	81873	71	60	345456	5216	5217	375189	5829	7430	5962	4478	7114	9087	1072	1073	54434	54961	85464	7414	8826	10788	128239	2934	85477	87	81	324	10297	50649	221178
04640	Hematopoietic cell lineage	4254	3574	3565	1437	2323	3567	1440	3562	3569	3589	3552	3553	7124	1435	2056	7066	947	2322	1791	3108	3109	3111	3112	3113	3115	3117	3118	3119	3122	3123	3125	3126	3127	960	3815	3559	3575	7037	952	924	914	921	909	910	911	912	913	920	925	926	927	915	916	917	4311	928	930	933	100133941	931	1380	951	102723407	2208	1378	1379	1438	3563	945	3566	3570	2209	1436	290	3684	929	3581	3554	7850	1441	3568	2057	948	2993	1604	966	3590	3690	3674	2815	2811	2812	2814	3672	3673	3675	3676	3678	3655
04610	Complement and coagulation cascades	2155	2152	2161	2160	2158	7450	2157	2159	2153	2147	2243	2244	2266	2162	2165	2149	2151	9002	1361	7056	10544	5624	5627	5054	5055	5104	5270	5327	5328	5329	5340	3818	3827	623	624	7035	5265	462	3053	710	5345	2	712	713	714	715	716	4153	5648	10747	720	721	100293534	717	718	629	1675	727	729	730	731	732	733	735	719	11326	1378	1379	1380	3684	3689	3687	728	722	725	3426	3075	4179	1604	10878	3078	3080	10877	81494	966	1191	7448
04611	Platelet activation	6915	2147	2149	9002	10672	9138	23365	387	6093	9475	5499	5500	5501	4659	103910	10627	5023	84876	3708	3709	3710	6786	4638	85366	91807	340156	5028	2776	23236	5330	5331	5332	5590	5584	10125	10235	5906	5908	54518	7094	83660	3674	3690	83706	2243	2244	2266	64805	2770	2773	2771	107	108	109	196883	111	112	113	114	115	5739	2778	5294	23533	146850	5566	5567	5568	7408	71	60	6714	2909	2212	6850	1277	1278	1281	51206	2207	4067	2534	3673	3688	5290	5293	5291	5295	5296	8503	110117499	3937	5336	695	7450	2814	2811	2812	2815	207	208	10000	4846	2977	2982	2983	5592	5593	5600	6300	5603	1432	5594	5595	123745	5321	8681	100137049	8605	283748	255189	5742	6916	8773	8673
04613	Neutrophil extracellular trap formation	2214	2215	6850	6885	5894	5604	5605	5594	5595	27180	1536	653361	1535	4688	4689	5879	5880	51284	51311	1991	4353	71	60	7416	7417	7419	291	292	293	83447	10105	23569	102723407	2209	2212	3684	3689	3683	64581	6714	23236	5330	5331	5332	5335	5336	5578	5579	5582	10533	2357	2359	2358	5290	5293	5291	5295	5296	8503	110117499	207	208	10000	2475	4790	5970	718	1378	1379	727	728	3146	7097	7099	5600	6300	5603	1432	3674	3690	2243	2244	2266	2811	7450	6403	6404	177	837	834	79792	8520	3014	8338	85235	221613	92815	83740	3012	8335	55506	9555	723790	55766	474382	8336	8337	8969	317772	94239	3013	3015	8330	8334	8329	8331	8332	474381	115482686	8341	8345	8342	158983	255626	440689	8348	3018	8339	8340	8347	3017	8344	8346	8349	8970	85236	128312	8343	286436	114483833	54145	121504	554313	8294	8360	8361	8362	8363	8364	8365	8366	8367	8368	8370	8359	8369	440093	3021	8351	8352	8350	3020	8290	126961	333932	653604	8353	8354	8355	8356	8357	8358	8968	3065	3066	8841	9759	10014	10013	51564	55869	9734	83933	79885	566	1511	820	1182	1183	1184	366
04620	Toll-like receptor signaling pathway	7096	7097	10333	3929	929	23643	7098	7099	7100	51284	51311	1513	54106	5879	5290	5293	5291	5295	5296	8503	110117499	207	208	10000	54472	4615	114609	8772	841	51135	3654	7189	10454	23118	6885	8517	1147	3551	4792	4790	5970	1326	5604	5605	5594	5595	5606	5608	6416	5609	5600	6300	5603	1432	5599	5602	5601	3725	2353	7124	3553	3569	3592	3593	3576	6352	6348	6349	414062	6351	9560	388372	353376	148022	8737	3663	3665	6696	9641	29110	7187	3661	958	941	942	3439	3440	3441	3442	3443	3444	3445	3446	3447	3448	3449	3451	3452	3456	3454	3455	3716	7297	6772	6773	10379	3627	4283	6373
04624	Toll and Imd signaling pathway04621	NOD-like receptor signaling pathway	10392	8767	8517	1147	3551	4793	4792	4790	5970	3553	3606	3569	7124	3576	2919	2920	2921	6347	6352	820	1667	1668	1669	1670	1671	728358	1673	100289462	414325	55894	64127	6885	10454	23118	257397	5594	5595	5599	5602	5601	5600	6300	5603	1432	3725	55054	9474	9140	11337	23710	11345	440738	81631	84557	643246	392288	10910	81858	10616	55072	331	84674	7205	55914	329	330	7186	7188	7189	64170	7128	57506	7187	29110	9641	10010	3661	3665	3439	3440	3441	3442	3443	3444	3445	3446	3447	3448	3449	3451	3452	3456	79671	118429	84168	22861	29108	834	596	598	1508	114548	24145	5027	7226	54822	51393	846	222545	23236	5330	5331	5332	3708	3709	3710	7416	7417	7419	90550	4938	4939	4940	6041	56919	55669	9927	8737	11035	10059	10135	1536	1535	10628	7295	25828	140609	79184	3320	3326	22900	63940	345611	260434	152138	4210	9051	841	8772	100506742	59082	114769	171389	199713	91662	4671	58484	5580	2634	115362	9447	3428	7158	107181291	387	5585	5586	7531	2633	2635	115361	388646	838	837	79792	3454	3455	3716	7297	6772	6773	10379	7099	148022	4615	51135	340061
04622	RIG-I-like receptor signaling pathway	23586	64135	57169	57506	79132	7187	10010	64343	9755	8517	29110	9641	3661	3665	3439	3440	3441	3442	3443	3444	3445	3446	3447	3448	3449	3451	3452	3456	3467	338376	56832	8717	8772	8737	841	843	1147	3551	4793	4792	4790	5970	7186	6885	7189	4214	5599	5602	5601	5600	6300	5603	1432	3576	7124	3592	3593	3627	103	7706	1540	54941	9636	9474	9140	79671	340061	55593	80143	1654	5300	26007
04623	Cytosolic DNA-sensing pathway	11128	55703	10623	661	55718	9533	51728	51082	171568	84265	10622	10621	5434	5435	5437	5440	5441	23586	57506	4790	5970	3569	5093	10146	85364	115004	340061	29800	653082	79844	51428	3428	29110	9641	3661	3665	3439	3440	3441	3442	3443	3444	3445	3446	3447	3448	3449	3451	3452	3456	81030	8737	11035	8517	1147	3551	4793	4792	6351	9560	388372	6352	3627	9447	114548	4210	8772	841	29108	834	197259	836	840	1687	79792	3553	3606	90865	103	25939	11277	1777	58511
04625	C-type lectin receptor signaling pathway	64581	4046	3265	3845	4893	22808	6237	22800	5894	5970	5971	3592	3593	3553	6850	5781	9020	1147	4791	5336	3708	3709	3710	810	805	808	801	163688	51806	91860	5530	5532	5533	5534	5535	4772	4773	4775	4776	3558	3586	1959	1960	5743	5580	5594	5595	114548	29108	834	64170	8915	10892	841	8517	3551	4792	4790	7124	3569	51561	5600	6300	5603	1432	5599	5602	5601	3725	868	93978	2207	10332	30835	23365	387	5058	8844	1263	6714	9641	6772	10379	6773	53342	1540	602	6361	6367	9261	26253	5290	5293	5291	5295	5296	8503	110117499	207	208	10000	4193	3659	338339	51266
04650	Natural killer cell mediated cytotoxicity	3105	3106	3107	3134	3135	3133	3812	3811	115653	3813	3803	3802	3804	57292	3821	3824	5777	5781	3383	3384	3683	3689	2185	10451	7409	7410	5879	5880	5881	5058	5604	5605	5594	5595	7124	1437	3458	3806	3808	3809	3810	100132285	3822	3823	9436	7305	3932	102723407	2214	2215	9437	259197	2207	919	7535	6850	3937	27040	7462	5335	5336	6452	5290	5293	5291	5295	5296	8503	110117499	2534	6464	25759	53358	399694	2885	6654	6655	3265	3845	4893	369	673	5894	4277	100507436	80329	80328	79465	22914	100528032	10870	962	51744	5530	5532	5533	5534	5535	4772	4773	5578	5579	5582	117157	4068	3459	3460	3439	3440	3441	3442	3443	3444	3445	3446	3447	3448	3449	3451	3452	3456	3454	3455	8743	8797	8795	356	355	3002	5551	836	637	353091	154064	135250
04612	Antigen processing and presentation	3458	7124	5720	5721	10197	3312	3303	3305	3304	3310	3306	3308	3320	3326	3105	3106	3107	3134	3135	3133	3309	821	567	2923	811	6892	6890	6891	925	926	927	3812	3811	115653	3813	3803	3802	3804	3805	57292	3821	3822	3823	8302	3824	3806	3808	3809	3810	100132285	10437	5641	1508	3108	3109	3111	3112	3113	3115	3117	3118	3119	3122	3123	3125	3126	3127	972	1514	1520	920	4261	5993	8625	5994	1385	4800	4801	4802
04660	T cell receptor signaling pathway	915	916	917	919	920	925	926	927	5788	3932	2534	7535	3937	27040	3702	7006	4690	8440	10451	7409	7410	9402	2885	5058	5062	5063	10298	57144	56924	106821730	387	998	1739	5600	6300	5603	1432	5335	5530	5532	5533	5534	5535	4772	4773	4775	6654	6655	10125	3265	3845	4893	5894	5604	5605	5594	5595	2353	3725	5588	84433	8915	10892	6885	5609	5599	5602	5601	1147	3551	8517	4790	5970	4792	4793	4794	940	29851	959	5295	5296	8503	110117499	5290	5293	5291	5170	207	208	10000	1326	9020	2932	5133	1493	5777	5781	5515	5516	5519	5518	5520	5521	5522	55844	28227	55012	5523	5526	5527	5528	5529	5525	868	3558	3565	3567	3586	3458	1437	7124	1019
04658	Th1 and Th2 cell differentiation	10683	28514	54567	4854	55534	84441	9794	11317	3516	4790	5970	3458	3459	3460	3716	3717	6772	3592	3593	3594	3595	7297	6775	30009	864	3108	3109	3111	3112	3113	3115	3117	3118	3119	3122	3123	3125	3126	3127	920	3932	916	917	919	915	7535	27040	5335	5530	5532	5533	5534	5535	4772	4773	4775	5588	1147	3551	8517	4792	4793	4794	5594	5595	2353	5600	6300	5603	1432	5599	5602	5601	3725	3558	3559	3560	3561	3718	6776	6777	3565	3566	6778	2625	3567	3596	4094	182	3714	4851	4853
04659	Th17 cell differentiation	3553	3554	3556	5600	6300	5603	1432	2475	3662	7040	7046	7048	4087	4088	4089	59067	50615	3561	3716	3718	3569	3570	3572	3717	51561	149233	3594	7297	6774	6097	6095	3091	3320	3326	196	3605	112744	50616	3108	3109	3111	3112	3113	3115	3117	3118	3119	3122	3123	3125	3126	3127	920	3932	916	917	919	915	7535	27040	5335	5530	5532	5533	5534	5535	4772	4773	4775	5588	1147	3551	8517	4792	4793	4794	4790	5970	5594	5595	2353	5599	5602	5601	3725	3565	3566	6778	2625	861	246778	10148	9466	3458	3459	3460	6772	30009	3558	3559	3560	6776	6777	50943	5914	6256	6257	6258
04657	IL-17 signaling pathway	64806	23765	55540	8717	8772	836	841	10758	7189	4790	5970	2353	2354	3725	3727	8061	3565	3567	3596	6361	6356	3605	112744	84818	7187	51433	7128	3320	3326	7184	29110	23118	257397	6885	8517	1147	3551	4792	5600	6300	5603	1432	5599	5602	5601	5594	5595	5596	5597	5598	225689	1051	9618	9641	29761	7188	7186	6426	1994	2932	2919	2920	2921	6374	6372	3576	3627	6347	6354	6364	3569	7124	5743	1440	1437	1673	100289462	727897	4586	6278	338324	6279	6280	3934	4312	4314	4318	4322	27189	132014	3553	3458	27190	53342
04662	B cell receptor signaling pathway	102723407	973	974	4067	6850	695	27071	29760	10451	7409	7410	5879	5880	5881	55024	640	5336	5530	5532	5533	5534	5535	4772	4773	4775	2885	6654	6655	25780	3265	3845	4893	5894	5604	5605	5594	5595	2353	3725	5579	84433	8915	10892	1147	3551	8517	4790	5970	4792	4793	4794	8519	975	930	1380	5295	5296	8503	110117499	5290	5293	5291	207	208	10000	2932	2213	3635	3636	10288	10859	10990	11006	11024	11025	11026	11027	23547	79168	353514	933	971	5777	118788
04664	Fc epsilon RI signaling pathway	102723407	2205	2206	2207	6850	4067	695	3635	5335	5336	5578	5290	5293	5291	5295	5296	8503	110117499	5170	207	208	10000	5879	5880	5881	6416	5609	5606	5608	5599	5602	5601	5600	6300	5603	1432	3565	3596	3562	3567	1437	7124	3937	10451	7409	7410	2534	9846	27040	2885	6654	6655	3265	3845	4893	5894	5604	5605	5594	5595	123745	5321	8681	100137049	8605	283748	255189	240	241
04666	Fc gamma R-mediated phagocytosis	102723407	2209	2212	2214	2215	5788	3055	4067	6850	5290	5293	5291	5295	5296	8503	110117499	207	208	10000	6198	6199	5335	5336	5580	5581	5894	5604	5594	5595	123745	5321	8681	100137049	8605	283748	255189	8398	4082	65108	5337	5338	8611	8613	8612	8877	56848	5578	5579	5582	653361	2934	85477	10451	7409	7410	998	7454	7408	10097	57180	653857	10096	10095	10552	10109	10094	10093	10092	81873	5879	5880	8936	10163	10810	5058	3984	3985	1072	1073	23396	8394	8395	382	1398	1399	1793	50807	55616	8853	2213	3635	3636	9846	27040	1785	273	274	4651
04670	Leukocyte transendothelial migration	83700	3684	3689	58494	3676	3688	5175	4267	83692	3683	50848	1003	1364	1365	1366	149461	10686	23562	24146	26285	49861	5010	51208	53842	7122	9071	9073	9074	9075	9076	9080	137075	100288814	644672	100132463	9069	100506658	90952	7412	7430	4478	71	60	5290	5293	5291	5295	5296	8503	110117499	5879	1536	1535	4688	653361	4689	1499	1500	29119	1495	1496	5781	4313	4318	5600	6300	5603	1432	3383	5335	5336	5578	5579	5582	5747	5829	9564	7070	2909	394	387	6093	9475	4633	4636	58498	10398	93408	103910	10627	29895	4301	5906	5908	6494	7408	87	81	7414	6387	7852	2770	2773	2771	10411	11069	83593	2185	3702	7294	10451	7409	7410	5880	998	399
04672	Intestinal immune network for IgA production	941	942	3108	3109	3111	3112	3113	3115	3117	3118	3119	3122	3123	3125	3126	3127	940	3558	3565	3567	3569	3586	7040	8741	10673	23495	608	115650	102723407	57379	958	959	29851	23308	10803	3676	3695	6387	7852	56477	2826	6370	8174	4055	9020	3600	3601	5284
04062	Chemokine signaling pathway	2919	2920	2921	6374	6372	5473	3576	4283	3627	6373	6387	10563	58191	5196	5197	9547	6375	6846	6376	6346	6347	6348	6349	414062	6351	9560	388372	6352	6354	6355	6356	6357	6358	6359	6368	6360	6361	6362	6363	6364	6366	6367	6369	6370	10344	10850	56477	3579	3577	2833	7852	643	10663	2829	1524	1237	1235	10803	1233	1236	729230	1234	1230	1232	2826	3717	3718	6772	6773	6774	6777	2770	2773	2771	107	108	109	196883	111	112	113	114	115	5566	5567	5568	4067	3055	2268	6714	6464	25759	53358	399694	2885	6654	6655	3265	3845	4893	5894	673	5604	5594	5595	5290	5293	5291	5295	5296	8503	110117499	5294	23533	146850	5590	207	208	10000	2309	1147	3551	8517	4792	4793	4790	5970	572	2931	2932	3702	10451	7409	7410	5879	5880	5881	5058	998	7454	387	6093	9475	2782	2783	2784	59345	10681	54331	2785	2786	2787	2788	94235	2790	2791	55970	51764	2792	2793	57580	9844	1794	5747	5829	9564	1398	1399	2185	2776	23236	5330	5331	5332	5335	5336	10235	5906	5908	56288	7074	5579	5580	653361	131890	6011	156	157	2868	2869	2870	408	409
04911	Insulin secretion	6513	6514	2645	54795	476	477	478	480	23439	481	482	483	486	6833	3767	775	776	778	779	815	817	816	818	3778	157855	3779	10242	27094	27345	3780	3781	3782	3783	2641	2740	2695	139760	116	117	2778	107	108	109	196883	111	112	113	114	115	5566	5567	5568	1385	1386	468	10488	90993	64764	84699	148327	9586	1388	3651	3630	11069	9699	27445	5864	885	886	1131	2864	2776	2767	23236	5330	5331	5332	3710	6262	6844	6804	6616	5578	5579	5582
04910	Insulin signaling pathway	3630	3643	3667	8660	8471	5295	5296	8503	110117499	5290	5293	5291	5170	207	208	10000	2932	2998	2997	5499	5500	5501	5506	5507	5509	79660	90673	89801	5260	5261	5257	5256	5255	810	805	808	801	163688	51806	91860	5836	5837	5834	5140	5566	5567	5568	5573	5576	5577	5575	3991	5590	5584	6517	2319	10211	10603	10580	867	868	1398	1399	2889	23433	23265	9322	6720	31	32	2194	5313	3101	3098	3099	80201	2645	5562	5563	5564	5565	5571	53632	51422	2308	10891	2538	57818	92579	2203	8789	5105	5106	2475	57521	6198	6199	6194	1978	1977	9470	253314	7248	7249	6009	572	6464	25759	53358	399694	2885	6654	6655	3265	3845	4893	369	673	5894	5604	5605	5594	5595	8569	2872	2002	8651	8835	9021	122809	5770	5792	5599	5602	5601	3551	3636	3632
04922	Glucagon signaling pathway	207	208	10000	5140	2641	2642	2778	108	5566	5567	5568	1385	1386	468	10488	90993	64764	84699	148327	9586	55671	57223	139420	5531	200186	23235	1387	2033	10891	102724428	150094	2776	23236	5330	5331	5332	3708	3709	3710	5530	5532	5533	5534	5535	815	817	816	818	2308	23411	5465	3276	2538	57818	92579	5105	5106	1374	1375	126129	2998	2997	5257	5256	5255	5260	5261	810	805	808	801	163688	51806	91860	5836	5837	5834	5207	5562	5563	5564	5565	5571	53632	51422	31	32	6513	6514	2645	2203	8789	5213	5214	5211	5223	5224	441531	5315	5161	5160	5162	160287	92483	3939	3945	3948
04923	Regulation of lipolysis in adipocytes	7252	1081	7253	153	154	155	2778	107	108	109	196883	111	112	113	114	115	5566	5567	5568	4878	4881	5592	5593	5346	63924	3991	57104	51099	11343	2167	364	100509620	3630	3643	3667	8660	8471	5290	5293	5291	5295	5296	8503	110117499	207	208	10000	5140	11145	54979	5742	5743	134	5733	4852	4886	2770	2773	2771
04920	Adipocytokine signaling pathway	7124	7132	8717	7133	7186	2475	5599	5602	5601	1147	3551	8517	4792	4793	4794	4790	5970	9021	3667	8660	8471	207	208	10000	948	23305	2182	2180	51703	2181	23205	81616	5588	3952	3953	3717	6774	5443	181	4852	10891	5105	5106	2538	57818	92579	5781	5465	6256	6257	6258	9370	51094	79602	26060	6794	10645	5562	5563	5564	5565	5571	53632	51422	32	1374	1375	126129	6513	6517
03320	PPAR signaling pathway	948	376497	10999	11001	10998	28965	2168	2169	2170	2167	2171	2172	2173	5465	6256	6257	6258	5467	5468	3157	3158	335	336	345	116519	5360	10873	4199	9415	6319	79966	1581	1582	10062	1593	1622	4023	23305	2182	2180	51703	2181	23205	81616	4973	1962	30	6342	8310	51	8309	1374	1375	126129	1376	33	34	51129	10580	5346	123	729359	440503	9370	4312	7350	3611	5170	7316	5105	5106	2712	2710	2713	364	100509620
04929	GnRH secretion	3814	84634	2776	2767	23236	5330	5331	5332	5578	5579	5582	3708	3709	3710	348980	610	57657	8913	8912	8911	7220	7223	7224	3767	3760	3763	3765	3762	2550	9568	3780	3781	3782	3783	779	775	776	778	408	409	3265	3845	4893	5894	5604	5605	5594	5595	5295	5296	8503	110117499	5290	5293	5291	207	208	10000	2796	2797	2100	2852	3972	6696	1081
04912	GnRH signaling pathway	2796	2797	2798	2778	107	108	109	196883	111	112	113	114	115	5566	5567	5568	468	2776	2767	23236	5330	5331	5332	3708	3709	3710	810	805	808	801	163688	51806	91860	815	817	816	818	5578	5579	5580	775	776	778	779	4214	10746	4215	4216	5606	5608	5600	6300	5603	1432	5598	123745	5321	8681	100137049	8605	283748	255189	5337	5338	6714	998	6416	5609	5599	5602	5601	3725	3972	1081	2488	2185	4313	4323	1839	1956	2885	6654	6655	3265	3845	4893	5894	5604	5605	5594	5595	2002	1958
04913	Ovarian steroidogenesis	1081	3972	3973	2778	107	108	109	196883	111	112	113	114	115	5566	5567	5568	123745	5321	8681	100137049	8605	283748	255189	122970	10965	641371	240	1573	5743	3630	3643	3479	3480	3949	949	6770	1583	1586	3292	3294	8644	51478	3283	3284	2488	2492	1588	1545	1543	9210	654
04915	Estrogen signaling pathway	2099	2100	3320	3326	7184	2288	2289	3312	3303	3305	3304	3310	8648	10499	8202	596	9166	3857	3858	3859	3860	3861	3866	3868	3872	3875	3880	3881	3882	3883	3884	3885	3886	125115	390792	25984	147183	162605	192666	342574	54474	8687	8688	8689	353288	1509	9687	7031	5241	7039	5914	2353	3725	6667	2852	2778	6714	4313	4318	1839	107	108	109	196883	111	112	113	114	115	5566	5567	5568	1385	1386	468	10488	90993	64764	84699	148327	9586	1388	1956	6464	25759	53358	399694	2885	6654	6655	3265	3845	4893	5894	5604	5605	5594	5595	5290	5293	5291	5295	5296	8503	110117499	207	208	10000	2550	9568	2770	2773	2771	2775	3760	3763	3765	3762	5443	4988	5580	2776	23236	5330	5331	5332	3708	3709	3710	810	805	808	801	163688	51806	91860	4846	2911
04914	Progesterone-mediated oocyte maturation	5241	5295	5296	8503	110117499	5290	5293	5291	5599	5602	5601	5600	6300	5603	1432	2770	2773	2771	107	108	109	196883	111	112	113	114	115	5566	5567	5568	6790	64506	132864	22849	80315	245711	387778	100310812	100505767	100996746	102723555	102723849	285955	388333	441272	441273	442590	729597	105180391	100101268	643862	643909	728524	105180390	641776	442572	1017	983	890	8900	4342	3320	3326	5604	5594	5595	6197	6195	6196	27330	9088	891	9133	85417	6793	5347	993	994	995	3630	3479	3480	207	208	10000	5140	3845	369	673	5894	699	8379	4085	10459	51343	64682	29882	996	29945	51433	8881	51434	8697	10393	51529	246184	25847	25906	119504	3835
04917	Prolactin signaling pathway	5617	5618	3717	6464	25759	53358	399694	6714	5290	5293	5291	5295	5296	8503	110117499	207	208	10000	2309	2592	2885	6654	6655	3265	3845	4893	5894	5604	5605	5594	5595	2353	5599	5602	5601	5600	6300	5603	1432	595	2932	1154	8651	8835	9021	122809	9655	30837	9306	6772	6774	6776	6777	8600	8792	4790	5970	2001	1447	1081	3972	3973	1586	2099	2100	3659	7054	6514	2645	894	3630
04921	Oxytocin signaling pathway	5020	5021	2776	3265	3845	4893	5894	5604	5605	5594	5595	123745	5321	8681	100137049	8605	283748	255189	5743	5607	5598	3725	2353	4208	595	2002	6261	6262	6263	952	7226	3759	3768	100134444	3761	3770	23236	5330	5331	5332	5578	5579	5582	29904	1938	775	776	778	779	782	783	784	785	781	9254	55799	93589	786	10369	10368	27092	27091	59285	59284	59283	3708	3709	3710	810	805	808	801	163688	51806	91860	5530	5532	5533	5534	5535	4772	4773	4775	4776	5997	1827	10645	5562	5563	5564	5565	5571	53632	51422	57118	57172	8536	815	817	816	818	814	4846	2977	2982	2983	4878	4881	4882	4638	85366	91807	340156	140465	4637	10398	71	60	387	6093	9475	5499	5500	5501	4659	4660	54776	2778	107	108	109	196883	111	112	113	114	115	5566	5567	5568	2770	2773	2771	2775	5294	23533	146850	6714	3760	3763	3765	3762	1956	1026
04926	Relaxin signaling pathway	6013	6019	59350	2775	2770	2773	2771	2778	2782	2783	2784	59345	10681	54331	2785	2786	2787	2788	94235	2790	2791	55970	51764	2792	2793	111	5566	5567	5568	1385	1386	468	10488	90993	64764	84699	148327	9586	1388	7422	7423	7424	2277	4792	4790	5970	4843	5290	5293	5291	5295	5296	8503	110117499	5590	5894	5604	5605	5594	5595	4313	4318	207	208	10000	4846	4842	1906	1910	4312	4322	7040	7046	7048	4087	59	1277	1278	1281	1284	1286	1288	1282	1287	1285	3640	122042	117579	51289	107	108	109	196883	112	113	114	115	23236	5330	5331	5332	5578	6416	5609	5600	6300	5603	1432	5599	5602	5601	3725	2353	3265	3845	4893	6714	6464	25759	53358	399694	6654	6655	408	409	1956	2885	10022	339403	2769
04935	Growth hormone synthesis, secretion and action	2691	2692	2778	107	108	109	196883	111	112	113	114	115	55811	6750	6751	6752	6753	6755	2770	2773	2771	5566	5567	5568	1385	1386	468	10488	90993	64764	84699	148327	9586	1388	1387	2033	5449	2353	2688	2689	1442	1443	1444	51738	2693	112609	2776	2767	23236	5330	5331	5332	5578	5579	5582	3708	3709	3710	779	775	776	778	2690	3717	5335	5336	6464	25759	53358	399694	2885	6654	6655	3265	3845	4893	5894	5604	5605	5594	5595	6772	6774	6776	6777	3667	8660	8471	5295	5296	8503	110117499	5290	5293	5291	207	208	10000	2475	2932	3479	3726	8651	8835	9021	3483	3486	5747	9564	1398	1399	4214	5606	6416	5608	5599	5602	5601	5600	6300	5603	1432
04918	Thyroid hormone synthesis	7252	1081	7253	2778	107	108	109	196883	111	112	113	114	115	5566	5567	5568	2776	23236	5330	5331	5332	5578	5579	5582	7270	8458	7849	1385	1386	468	10488	90993	64764	84699	148327	9586	1388	7038	3309	7184	821	9601	432	433	3708	3709	3710	6528	5172	7173	476	477	478	480	23439	481	482	483	486	389434	405753	53905	50506	257202	2882	2877	2878	2876	2880	493869	2936	213	7276	6906	4036
04919	Thyroid hormone signaling pathway	5566	5567	5568	3685	3690	3265	3845	4893	5894	5604	5605	5594	5595	6772	7157	2099	7068	9611	25942	3065	3066	8841	7067	6256	6257	6258	8850	2648	8648	10499	8202	1387	2033	29079	116931	9968	23389	9969	9282	10025	9440	9862	9442	90390	5469	595	2626	1827	3091	4609	4625	4624	487	489	488	5350	54361	1499	4851	4853	4854	4855	652	23236	5330	5331	5332	5333	113026	84812	51196	5335	5336	89869	5578	5579	5582	6548	476	477	478	480	23439	481	482	483	486	6567	117247	6714	5290	5293	5291	5295	5296	8503	110117499	5170	207	208	10000	2932	4193	7249	6009	2475	9882	5208	572	2308	842	10231	6513	5213	5214	5211	53919	1733	1734	1735	71	60
04928	Parathyroid hormone synthesis, secretion and action	846	2770	2773	2771	107	108	109	196883	111	112	113	114	115	2776	2767	23236	5330	5331	5332	3708	3709	3710	8521	9247	9935	2625	6667	7421	6256	6257	6258	8074	2260	9365	5594	5595	1958	5741	6446	65125	65266	65267	65268	9943	27347	6559	5744	5745	5578	5579	5582	56302	6569	10568	142680	9368	2778	5141	5142	5143	5144	5566	5567	5568	1594	1591	4205	4208	4209	50964	4929	4666	342538	3727	632	4041	4040	1385	1386	10488	90993	64764	84699	148327	468	9586	1388	8600	596	1026	2353	860	4322	2768	10672	9138	9826	11214	387	5337	5338	408	409	369	673	5894	5604	4323	4324	4325	4326	10893	64386	1839	1956
04916	Melanogenesis	5443	434	4157	2778	107	108	109	196883	111	112	113	114	115	5566	5567	5568	1385	10488	90993	64764	84699	148327	1387	2033	4286	7471	7472	7482	7473	89780	54361	7474	81029	7475	7476	7477	7478	7479	7483	7484	7480	80326	7481	51384	8321	8324	2535	7976	8322	7855	8325	8323	11211	8326	2775	2776	1857	1856	1855	2932	1499	6932	83439	6934	51176	4254	3815	3265	3845	4893	5894	5604	5605	5594	5595	7299	7306	1638	1906	1910	2770	2773	2771	23236	5330	5331	5332	810	805	808	801	163688	51806	91860	815	817	816	818	5578	5579	5582
04924	Renin secretion	153	154	155	116	117	358	5732	5734	2778	111	112	5566	5567	5568	1385	3778	5136	5153	5137	5139	5140	5972	134	2770	2773	2771	84876	1179	9635	22802	775	776	778	779	3759	1906	1907	1908	1909	185	2776	23236	5330	5331	5332	3708	3709	3710	810	805	808	801	163688	51806	91860	5530	5532	5533	5534	5535	2977	2982	2983	4878	4881	5593	1508	183	1636
04614	Renin-angiotensin system	183	5972	1636	1215	1511	3817	3816	2028	290	5550	59272	5476	1359	4311	7064	57486	5547	4142	116512	185	186	4012	10159
04925	Aldosterone synthesis and secretion	183	185	2776	2767	23236	5330	5331	5332	3708	3709	3710	5578	5579	5582	5581	5587	23683	25865	1385	1386	468	10488	90993	64764	84699	148327	9586	1388	466	747	221955	3777	51305	3762	476	477	478	480	23439	481	482	483	8913	8912	8911	775	776	778	779	84876	810	805	808	801	163688	51806	91860	57118	57172	8536	815	817	816	818	814	490	492	493	491	3991	3949	949	5443	4158	2778	107	108	109	196883	111	112	113	114	115	5566	5567	5568	1585	6770	4929	3164	1583	3283	3284	1589	4878	4881	5138
04927	Cortisol synthesis and secretion	5443	4158	56246	2778	107	108	109	196883	111	112	113	114	115	8622	5151	5566	5567	5568	190	2516	3164	6667	5087	1385	1386	468	10488	90993	64764	84699	148327	9586	1388	1584	1586	6770	57552	183	185	2776	2767	23236	5330	5331	5332	3708	3709	3710	3776	8913	8912	8911	775	776	778	779	84876	3739	3777	3949	949	1583	3283	3284	1589
04260	Cardiac muscle contraction	775	776	778	779	782	783	784	785	781	9254	55799	93589	786	10369	10368	27092	27091	59285	59284	59283	6262	444	845	10345	3270	487	489	488	7134	7137	7139	7168	7169	7170	7171	70	4625	4624	4633	4634	4635	7386	4519	1537	7384	7385	7388	440567	7381	27089	29796	10975	4514	4512	4513	84701	1327	9377	1329	1337	1339	1340	125965	1345	1346	1347	9167	1349	170712	1350	341947	1351	6546	6543	6547	10479	84679	476	477	478	480	23439	481	482	483	486	6548
04261	Adrenergic signaling in cardiomyocytes	153	154	2778	107	108	109	196883	111	112	113	114	115	11149	64091	64208	3776	5566	5567	5568	476	477	478	480	23439	481	482	483	486	6548	3784	3753	102723475	490	492	493	491	6546	6543	6547	6331	6332	6324	6330	775	776	778	779	782	783	784	785	781	9254	55799	93589	786	10369	10368	27092	27091	59285	59284	59283	810	805	808	801	163688	51806	91860	815	817	816	818	6262	5515	5516	5519	5518	5520	5521	5522	55844	28227	55012	5523	5526	5527	5528	5529	5525	5499	5500	5501	7134	7137	7139	7168	7169	7170	7171	70	4625	4624	4633	4634	4635	5350	487	489	488	183	185	186	148	147	146	2776	23236	5330	5331	5332	5578	5502	5594	5595	9252	1385	1386	468	10488	90993	64764	84699	148327	9586	1388	1390	596	10411	11069	5600	6300	5603	1432	2770	2773	2771	5294	23533	146850	207	208	10000
04270	Vascular smooth muscle contraction	148	147	146	183	185	1906	1907	1908	1909	551	552	553	2776	2767	8399	26279	30814	50487	64600	81579	84647	5319	5322	5320	391013	123745	5321	8681	100137049	8605	283748	255189	8398	3778	157855	3779	10242	27094	27345	775	776	778	779	810	805	808	801	163688	51806	91860	4638	85366	91807	340156	140465	4637	10398	4627	4628	4629	79784	23236	5330	5331	5332	3708	3709	3710	5578	5579	5582	5580	5581	5583	5588	369	673	5894	5604	5605	5594	5595	800	59	72	94274	5499	5500	5501	4659	4660	54776	2768	10672	23365	9138	9826	387	6093	9475	135	136	5739	796	797	133	79924	10203	10267	10266	10268	2778	107	108	109	196883	111	112	113	114	115	5566	5567	5568	4878	4879	4881	4880	4882	5592	10335	2977	2982	2983
04970	Salivary secretion	153	154	155	2778	107	108	109	196883	111	112	113	114	115	5566	5567	5568	6844	148	147	146	1131	2776	23236	5330	5331	5332	5578	5579	5582	3708	3709	3710	6263	810	805	808	801	163688	51806	91860	4842	2977	2982	2983	5592	5593	952	683	54831	362	476	477	478	480	23439	481	482	483	486	490	492	493	491	6558	3783	3778	6522	6548	55503	727897	4586	4589	278	279	276	280	277	5555	5554	5542	653247	1755	1469	1470	1471	1472	1473	3346	3347	6779	4069	4025	820
04971	Gastric acid secretion	1131	2520	887	2776	23236	5330	5331	5332	5578	5579	5582	7430	71	60	3708	3709	3710	810	805	808	801	163688	51806	91860	815	817	816	818	4638	85366	91807	340156	3274	2778	107	108	109	196883	111	112	113	114	115	6750	6752	2770	2773	2771	5566	5567	5568	495	496	9992	3784	3758	3759	3766	3772	3773	1080	3776	54207	476	477	478	480	23439	481	482	483	6548	389015	760	115111	6522
04972	Pancreatic secretion	1131	885	886	2776	23236	5330	5331	5332	5578	5579	5582	9545	4218	8766	5874	5906	5908	387	5879	278	279	276	280	277	5646	5645	5644	440387	1504	1506	63036	51032	10136	23436	1357	1358	1359	1360	1361	5406	5407	5408	1056	8399	26279	30814	50487	64600	81579	84647	5319	5322	5320	391013	3708	3709	3710	6262	952	683	219931	487	489	488	1179	9635	22802	7220	6558	476	477	478	480	23439	481	482	483	486	3784	3778	490	492	493	491	6548	6522	6343	6344	2778	107	108	109	196883	111	112	113	114	115	1080	1811	8671	760
04976	Bile secretion	2052	6579	28234	10599	115072896	6554	10864	9376	6580	3156	949	3949	57552	1581	9971	6256	8431	10941	79799	7367	10720	54490	54578	54657	54658	54659	7365	54600	7364	54575	54576	54579	7366	54577	7363	574537	6822	10998	570	1576	366	343	64240	64241	8647	1244	9429	760	6522	5243	5244	6548	57835	8714	10257	200931	123264	3781	476	477	478	480	23439	481	482	483	486	6343	6344	2778	107	108	109	196883	111	112	113	114	115	5566	5567	5568	1080	8671	361	358	6555	6523	6550	6513
04973	Carbohydrate digestion and absorption	278	279	276	280	277	3938	8972	93432	6476	6523	476	477	478	480	23439	481	482	483	486	6514	3101	3098	3099	80201	2542	2538	57818	92579	6518	5295	5296	8503	110117499	5290	5293	5291	207	208	10000	776	5579	80834	83756	346562	23236	5330	5331	5332
04974	Protein digestion and absorption	5222	643847	643834	5646	5645	5644	440387	1504	1506	63036	51032	10136	23436	1357	1358	1359	1360	1361	6550	6564	476	477	478	480	23439	481	482	483	486	3783	8645	10008	3784	3769	54407	4311	4224	4225	59272	5547	1803	7512	6505	6510	6546	6543	6547	340024	6520	23428	206358	153201	120103	285641	117247	6519	11136	9056	2006	1277	1278	1280	1281	1284	1286	1288	1282	1287	1285	1289	1290	50509	1301	255631	85301	1302	1291	1292	1293	131873	256076	1294	1295	1296	1297	1298	1299	1300	1303	1305	7373	1306	1307	1308	80781	1310	57642	81578	169044	91522	84570	136227	340267
04975	Fat digestion and absorption	8513	5406	5407	5408	1056	8399	26279	30814	50487	64600	81579	84647	5319	5322	5320	391013	1208	948	2806	2169	2168	376497	10999	10554	10555	8611	8613	8612	80168	346606	8694	84649	949	29881	39	38	64240	64241	337	338	4547	335	19
04979	Cholesterol metabolism	19	335	4023	3931	9388	5360	1071	3990	4018	948	3949	57552	8435	6646	341	344	350	27329	51129	55908	949	6272	338	255738	26119	29116	348	4035	4036	4043	3988	10948	7416	7417	7419	706	1593	9218	9217	4864	114879	10577	6770	27141	1581	8647	64240	64241	336	345	337
04977	Vitamin digestion and absorption	2694	8029	81693	55788	5826	25974	4363	6948	80704	10560	113278	686	8884	9963	2346	113235	6573	949	5406	151056	5948	158835	9227	338	337	335
04980	Cobalamin transport and metabolism	6947	2694	6948	51293	55788	5826	25974	27249	326625	166785	4594	4552	4548	7702	7629	3054	57215	5052
04978	Mineral absorption	6569	10568	142680	7421	140803	54822	55503	6546	6543	6547	490	492	493	491	795	1811	65010	115019	1181	6550	6523	340024	476	477	478	480	23439	481	482	483	486	113235	3162	3163	79901	4891	2495	2512	30061	9843	341208	7018	55630	7779	1317	26872	261729	4490	4493	4494	4495	4496	4499	4501	4502	4489	645745	475	540	538
04962	Vasopressin-regulated water reabsorption	551	554	2778	112	109	115	5566	5567	5568	397	396	398	1385	10488	90993	64764	84699	148327	9586	359	8766	9230	1778	79659	1780	1781	1783	51143	51626	8655	140735	1639	10540	51164	84516	10671	6844	4905	6810	5868	5869	5878	361	360
04960	Aldosterone-regulated sodium reabsorption	3291	4306	6337	6338	6340	6446	3758	9351	23327	2810	3845	476	477	478	480	23439	481	482	483	486	53828	3630	3479	3643	3667	5295	5296	8503	110117499	5290	5293	5291	5170	5578	5579	5582	5594	5595
04961	Endocrine and other factor-regulated calcium reabsorption	5741	5745	2778	112	115	5566	5567	5568	7421	2099	56302	9365	1759	26052	1785	161	160	163	1173	1175	1211	1212	1213	8218	8766	793	476	477	478	480	23439	481	482	483	486	6546	6543	6547	490	492	493	491	3817	3816	624	2776	23236	5330	5331	5332	5578	5579	5582
04964	Proximal tubule bicarbonate reclamation	6550	762	358	760	8671	476	477	478	480	23439	481	482	483	486	10991	27165	2744	2747	2746	1468	4190	5105	5106
04966	Collecting duct acid secretion	760	523	525	526	9550	127124	534	245973	528	51382	90423	529	9296	101927180	8992	155066	10312	23545	50617	535	527	9114	245972	495	496	6521	10723	1188
04724	Glutamatergic synapse	81539	54407	27165	2744	57084	246213	57030	2897	2898	2899	2900	2901	2890	2891	2892	2893	2902	2903	2904	2905	2906	116443	116444	5530	5532	5533	5534	5535	1742	9229	85358	50944	22941	9762	7220	2911	2915	9456	9455	9454	2776	23236	5330	5331	5332	5578	5579	5582	3708	3709	3710	123745	5321	8681	100137049	8605	283748	255189	5337	5338	5594	5595	2778	107	108	109	196883	111	112	113	114	115	5566	5567	5568	2912	2913	2914	2916	2917	2918	2770	2773	2771	2775	2782	2783	2784	59345	10681	54331	2785	2786	2787	2788	94235	2790	2791	55970	51764	2792	2793	156	157	3760	773	6506	6512	6505	6511	775	776	6507	2752	10991
04727	GABAergic synapse	81539	54407	27165	2744	2571	2572	140679	18	2554	2555	2556	2557	2558	2559	2560	2562	2561	2565	2566	2567	2563	2564	55879	2568	5566	5567	5568	6714	5578	5579	5582	9001	11337	23710	11345	4905	66008	5334	10243	57468	2569	2570	200959	773	774	775	776	778	779	2550	9568	2770	2773	2771	2775	2782	2783	2784	59345	10681	54331	2785	2786	2787	2788	94235	2790	2791	55970	51764	2792	2793	107	108	109	196883	111	112	113	114	115	3763	6529	6540	6538	6539	2752	10991	92745
04725	Cholinergic synapse	1103	43	6572	1128	1131	1133	2776	2767	23236	5330	5331	5332	3708	3709	3710	5578	5579	5582	3784	3785	3786	9132	56479	3759	3768	100134444	3761	3770	1129	1132	2770	2773	2771	2775	2782	2783	2784	59345	10681	54331	2785	2786	2787	2788	94235	2790	2791	55970	51764	2792	2793	3760	3763	5294	23533	146850	3265	3845	4893	5604	5594	5595	2353	1139	89832	1137	1141	1136	1143	8973	107	108	109	196883	111	112	113	114	115	5566	5567	5568	1385	468	10488	90993	64764	84699	148327	9586	815	817	816	818	814	3717	2534	5290	5293	5291	5295	5296	8503	110117499	207	208	10000	596	773	774	775	776	778	779	60482
04728	Dopaminergic synapse	7054	1644	6570	6571	1812	1816	50632	2776	23236	5330	5331	5332	3708	3709	3710	810	805	808	801	163688	51806	91860	815	817	816	818	5530	5532	5533	5578	5579	5582	2353	2778	2774	111	5566	5567	5568	1385	1386	468	10488	90993	64764	84699	148327	9586	1388	5600	6300	5603	1432	5599	5602	5601	84152	5499	5500	5501	6323	775	776	773	774	3760	3763	3765	3762	1814	1815	2770	2773	2771	2775	2782	2783	2784	59345	10681	54331	2785	2786	2787	2788	94235	2790	2791	55970	51764	2792	2793	1813	408	409	5515	5516	5519	5518	5520	5521	5522	55844	28227	55012	5523	5526	5527	5528	5529	5525	207	208	10000	2931	2932	2903	2904	2890	2891	2892	2893	3798	3799	3800	9575	406	6531	4129	4128	1312	220074
04726	Serotonergic synapse	121278	7166	1644	6570	6571	775	776	778	779	3356	3357	3358	2776	23236	5330	5331	5332	3708	3709	3710	5578	5579	5582	5594	5595	123745	5321	8681	100137049	8605	283748	255189	1558	1559	1562	1557	1565	1564	107987479	1573	260293	240	239	242	246	247	5742	5743	3359	285242	200909	170572	9177	3360	3362	3363	2778	111	5566	5567	5568	3781	3751	2560	2562	2561	10411	351	3350	3351	3352	3354	3355	3361	2770	2773	2771	2775	2782	2783	2784	59345	10681	54331	2785	2786	2787	2788	94235	2790	2791	55970	51764	2792	2793	836	1843	3265	3845	4893	369	673	5894	5604	773	774	3760	3763	3765	3762	7220	6532	4129	4128
04720	Long-term potentiation	2890	2891	107	114	5566	5567	5568	5502	5499	5500	5501	815	817	816	818	10411	5906	5908	5530	5532	5533	5534	5535	2902	2903	2904	2905	2906	775	810	805	808	801	163688	51806	91860	1387	2033	468	814	3265	3845	4893	369	673	5894	5604	5605	5594	5595	6197	6195	6196	27330	3708	3709	3710	5578	5579	5582	2911	2915	2776	23236	5330	5331	5332
04730	Long-term depression	4842	2977	2982	2983	5592	5593	10842	5519	5518	5515	5516	3265	3845	4893	369	673	5894	5604	5605	5594	5595	2895	2911	2770	2773	2771	2775	2781	2778	2768	10672	123745	5321	8681	100137049	8605	283748	255189	5578	5579	5582	2776	2767	23236	5330	5331	5332	2890	2891	2892	4067	773	3708	3709	3710	6261	1392	1394	3479	3480
04723	Retrograde endocannabinoid signaling	57084	246213	57030	2890	2891	2892	2893	775	776	778	779	2911	2915	2776	23236	5330	5331	5332	3708	3709	3710	222236	5578	5579	5582	747	221955	5743	57406	2166	1268	2770	2773	2771	2775	2782	2783	2784	59345	10681	54331	2785	2786	2787	2788	94235	2790	2791	55970	51764	2792	2793	3760	3763	3765	3762	773	774	5594	5595	5599	5602	5601	5600	6300	5603	1432	107	108	109	196883	111	112	113	114	115	5566	5567	5568	11343	4535	4536	4537	4538	4539	4540	4541	4723	4729	4731	4694	4695	4696	4697	56901	4698	4700	4701	4702	4704	4705	4706	126328	55967	51079	4707	4708	4709	4710	4711	4712	4713	4714	4715	4716	54539	4719	4720	4722	4724	4725	4726	374291	4728	4717	4718	100532726	140679	22999	2554	2555	2556	2557	2558	2559	2560	2562	2561	2565	2566	2567	2563	2564	55879	2568	2569	2570	200959
04721	Synaptic vesicle cycle	140679	6570	6571	6572	57084	246213	57030	6857	6844	5864	22999	6804	2054	6809	112755	6812	23025	10497	440279	6616	10815	10814	594855	339302	773	774	4905	8775	1759	26052	1785	1211	1212	1213	8218	161	160	163	1173	1175	523	525	526	245973	528	51382	90423	529	9296	101927180	9550	127124	534	8992	155066	10312	23545	50617	535	9114	245972	51606	527	533	6529	6530	6531	6532	9152	6536	6534	6538	6539	6540	6505	6506	6507	6511	6512
04722	Neurotrophin signaling pathway	4803	627	4909	4908	4914	4915	4916	10603	25970	10019	2885	6654	6655	3265	3845	4893	5894	673	5604	5605	5594	5595	6197	6195	6196	27330	9252	468	596	57498	10818	1398	1399	2889	5906	5908	4215	5607	5598	5600	6300	5603	1432	9261	6464	25759	53358	399694	2549	5295	5296	8503	110117499	5290	5293	5291	207	208	10000	4793	4792	4794	4790	5970	2309	356	572	2932	5170	3667	5335	5336	5580	810	805	808	801	163688	51806	91860	815	817	816	818	814	25	5781	4145	4804	397	396	398	387	998	5879	4214	4217	5609	5599	5602	5601	3725	7157	581	7161	7189	10782	11108	9500	27018	7531	8767	3654	3656	11213	51135	3551	6272	5663	5664
04744	Phototransduction	6010	131890	6011	5957	6295	2780	2779	2782	2792	8787	5145	5158	5148	3000	2986	2978	2979	9626	118142757	9187	810	805	808	801	163688	51806	91860	1259	1258
04745	Phototransduction - fly04740	Olfactory transduction	442186	442191	442194	442361	119774	120065	120066	120586	120775	119678	119679	119682	119687	119692	119694	119695	119749	119764	119772	8387	8388	4991	8386	8390	8383	26189	26707	79541	4993	26211	26692	4994	4995	8392	10798	81696	8590	26333	26659	26539	26538	26532	26476	26531	26529	81797	81285	23538	79339	79345	283694	441608	441639	441669	441670	441933	284521	390078	390079	390081	390083	390084	390093	390113	390142	390144	390151	390152	390154	390155	390157	390162	390167	390168	390174	144125	150681	158131	162998	196335	219417	219428	219429	219431	219432	219436	219437	219438	219447	219453	219464	219469	219473	219477	219479	219482	219484	219493	219858	219865	219869	219870	219873	219874	219875	219952	219954	219956	219957	219958	219959	219960	219965	219968	219981	219982	219983	219986	254783	254786	254973	255725	256144	256148	256892	26188	26212	26219	26245	26246	26248	26338	26339	26493	26496	26658	26664	26689	26696	26716	283092	283093	283111	283159	283160	283162	283189	283297	283365	284383	284433	284532	285659	286362	286365	338662	338674	338675	338751	338755	340980	341152	341276	341416	341418	341568	341799	343169	343173	343406	343563	346517	346525	346528	347168	347169	347468	387748	390036	390037	390038	390054	390058	120776	120787	120793	120796	121130	121275	121364	122740	122742	122748	124538	125958	125962	125963	126370	126541	127059	127062	127064	127066	127068	127069	127074	127077	127385	127623	128360	128367	128368	128371	128372	130075	134083	135924	135941	135946	135948	138799	138802	138803	138804	138805	138881	138882	138883	143496	143502	144124	390059	390061	390063	390064	390066	390067	390072	390075	390077	390181	390191	390195	390197	390199	390201	390260	390261	390264	390265	390275	390321	390323	390326	390327	390429	390431	390433	390436	390437	390439	390442	390445	390538	390648	390649	390882	390883	390892	391107	391109	391112	391114	391189	391190	391191	391192	391194	391195	391196	391211	392138	392309	392376	392390	392391	392392	393046	401427	401665	401666	401667	401992	401993	401994	402135	402317	4992	56656	79290	7932	81472	81697	119765	219487	254879	143503	26494	26533	26534	26683	26686	26735	26737	26740	282763	282770	282775	389090	79295	79310	79317	79324	79473	79501	79544	81050	81061	81099	81127	81168	81282	81300	81309	81318	81327	81328	81392	81399	81442	81448	81469	81470	343171	343172	504189	442184	403282	403284	26648	403257	403253	403239	441308	390148	128366	504190	504191	26341	390271	26595	390190	440153	403277	403278	81341	729759	121129	26693	81466	403273	105369274	26687	403274	79490	26530	283617	390432	391121	392133	403244	442185	653166	79296	79346	79482	79549	127608	26497	343170	388761	390082	390441	79334	81458	81169	9596	8594	81248	401661	390073	387815	65944	390313	81439	118568804	2774	2782	2788	51764	109	1260	1262	1258	57101	3000	1261	83988	5592	5593	6546	6543	6547	123041	156	157	408	409	5997	5566	5567	5568	815	817	816	818	810	805	808	801	163688	51806	91860	5136	5153	5137	5138
04742	Taste transduction	6337	6338	6340	954	80834	83756	346562	2784	51764	196883	112	114	5566	5567	5568	23236	5330	5331	5332	3710	29850	6326	6328	6335	255022	22953	5024	5028	5030	1131	80835	2911	2914	259285	259286	259287	259289	259290	259291	259292	259294	259295	259296	338398	353164	50831	50832	50833	50834	50835	50836	50837	50838	50839	50840	54429	5726	259293	5136	5153	5137	9033	342372	8645	10021	773	775	2554	2555	2556	2557	2558	2559	2550	9568	3350	3351	3352	3354	3355	3359	285242	200909	170572	9177	40
04750	Inflammatory mediator regulation of TRP channels	3827	623	624	3356	3357	3358	3269	5029	2776	123745	5321	8681	100137049	8605	283748	255189	8398	239	23236	5330	5331	5332	3708	3709	3710	5581	5499	5500	5501	8989	7442	41	40	9311	55515	51802	810	805	808	801	163688	51806	91860	815	817	816	818	3553	3554	3556	5606	5608	5600	6300	5603	1432	5599	5602	5601	4803	4914	5335	5336	5290	5293	5291	5295	5296	8503	110117499	5580	6714	79054	5732	5734	2778	107	108	109	196883	111	112	113	114	115	5566	5567	5568	59341	2150	1573	5578	5579	5582	5583	5588	3479	51393	162514
04320	Dorso-ventral axis formation04360	Axon guidance	22854	84628	57689	64101	9423	4917	59277	1630	5335	5336	7220	7222	7223	7224	7225	5530	5532	5533	5534	5535	4773	4775	4776	5747	2534	6714	5879	5880	5881	998	3983	22885	84448	4690	5058	5062	5063	10298	57144	56924	106821730	387	6093	9475	90249	219699	8633	137970	5781	56963	4756	4636	10398	103910	10627	23365	9860	1942	1943	1944	1945	1946	125467750	1947	1948	1949	2041	1969	2042	2043	2044	285220	2045	2046	2047	2048	2049	2050	2051	25	55740	5921	25791	3265	3845	4893	5594	5595	8440	5998	6387	7852	2770	2773	2771	6585	9353	6586	6091	6092	64221	23380	57522	9901	10371	7869	10512	223117	9723	6405	56920	5362	55558	5361	91584	8829	3897	3984	3985	1072	1073	29984	27289	2242	56896	1808	1020	2932	10505	10507	10509	54910	57715	64218	9037	54437	57556	10501	10500	80031	5364	23654	5365	4233	5894	6237	8482	10154	3688	6469	5727	6608	5578	3611	91653	7474	81029	7976	6259	815	817	816	818	54361	5290	5293	5291	5295	5296	8503	110117499	5170	56288	5590	50855	84552	84612	54434	54961	85464	655	151449	659	658
04361	Axon regeneration04380	Osteoclast differentiation	1435	1436	2885	5594	5595	5290	5293	5291	5295	5296	8503	110117499	207	208	10000	3458	3459	3460	6772	3552	3553	3554	7124	7132	7040	7042	7046	7048	8600	8792	4982	7186	7189	3932	2534	9020	1147	5971	4791	6885	10454	23118	8517	3551	4792	5970	4790	4773	4772	3456	5604	5608	5600	6300	5603	1432	5609	5599	5602	5601	2353	2354	2355	8061	3725	3727	3726	5879	27035	1535	4688	653361	4689	695	7006	126014	10288	10859	10990	11006	11024	11025	11026	11027	23547	79168	353514	2209	2212	2213	9103	2214	2215	54209	140885	55423	10326	7305	6850	29760	3937	5336	3708	3709	3710	487	489	488	169200	5530	5532	5533	5534	5535	814	1385	6688	4286	1513	54	799	3690	5468	3454	3455	3716	7297	6773	10379	8651	9021	9846	2274	1540	8878
04211	Longevity regulating pathway	3630	3643	3479	3480	3667	8660	8471	3265	3845	4893	5290	5293	5291	5295	5296	8503	110117499	207	208	10000	107	108	109	196883	111	112	113	114	115	5566	5567	5568	1385	1386	10488	90993	64764	84699	148327	468	9586	1388	10919	79813	2308	2309	6648	847	9474	9365	7248	7249	6009	2475	57521	84335	8408	9776	9821	60673	6198	6199	1978	1977	9470	253314	9370	51094	79602	26060	10645	5562	5563	5564	5565	5571	53632	51422	23411	581	7157	4790	5970	5468	10891	6794	27244	143686	83667	814
04212	Longevity regulating pathway - worm04213	Longevity regulating pathway - multiple species	3630	3643	3479	3480	3667	8660	8471	3265	3845	4893	5290	5293	5291	5295	5296	8503	110117499	207	208	10000	107	108	109	196883	111	112	113	114	115	5566	5567	5568	2308	2309	6648	847	9474	5562	5563	5564	5565	5571	53632	51422	2475	57521	84335	6198	6199	23411	6647	1979	3312	3303	3305	3304	3310	1410	3065	3066	3170	81570
04710	Circadian rhythm	6095	6096	6097	9572	9975	4783	406	1628	8553	79365	1453	1454	102800317	5187	8864	8863	1407	1408	9575	4862	1385	5562	5563	5564	5565	5571	53632	51422	9978	8454	6500	8945	23291	26224
04713	Circadian entrainment	2902	2903	2904	2905	2906	810	805	808	801	163688	51806	91860	815	817	816	818	4842	5594	5595	9252	1385	3708	3710	6261	6262	6263	9722	51655	2770	2773	2771	2775	2782	2783	2784	59345	10681	54331	2785	2786	2787	2788	94235	2790	2791	55970	51764	2792	2793	2890	2891	2892	2893	8913	8912	8911	116	117	2778	107	108	109	196883	111	112	113	114	115	55811	5566	5567	5568	2977	2982	2983	5592	5593	775	776	4544	4543	2776	23236	5330	5331	5332	5578	5579	5582	3760	3762	3763	3765	5187	8864	8863	2353
04711	Circadian rhythm - fly04712	Circadian rhythm - plant04714	Thermogenesis	155	2778	107	108	109	196883	111	112	113	114	115	55811	5566	5567	5568	1385	10488	90993	64764	84699	148327	9586	63976	9658	23028	7350	55818	51780	6595	6597	6598	6599	6601	6602	6603	6604	6605	71	60	86	51412	57492	8289	8193	8110	5468	4217	5606	5600	6300	5603	1432	10891	1386	51548	26291	5346	3991	57104	11343	5562	5563	5564	5565	5571	53632	51422	2641	656	353500	1268	4878	4879	4881	5592	5593	152831	2260	10818	2885	6654	6655	3265	3845	4893	6197	6195	6196	27330	7248	7249	6009	57521	2475	64223	84335	6198	6199	6194	23305	2182	2180	51703	2181	4535	4536	4537	4538	4539	4540	4541	4719	4720	4722	4724	4725	4726	374291	4728	4723	4729	4731	4694	4695	4696	4697	56901	4698	4700	4701	4702	4704	4705	4706	126328	55967	51079	4707	4708	4709	4710	4711	4712	4713	4714	4715	4716	54539	4717	4718	100532726	51103	91942	25915	29078	79133	137682	55471	284184	6389	6390	6391	6392	7386	4519	1537	7384	7385	7388	440567	7381	27089	29796	10975	4512	4513	4514	84701	1327	9377	1329	1337	1339	1340	125965	1345	1346	1347	9167	1349	170712	1350	341947	1351	1352	1353	84987	1355	51241	10063	285521	90639	116228	55744	28958	51287	493753	388753	65260	498	506	509	513	514	539	4508	515	516	517	518	10476	521	9551	522	4509	10632	267020	1376	123096	788	1374	1375	126129
04626	Plant-pathogen interaction05200	Pathways in cancer	1630	836	842	26060	999	1499	29119	1495	1496	8312	8313	324	10297	2932	6932	83439	6934	51176	332	4609	595	7471	7472	7482	7473	89780	54361	7474	81029	7475	7476	7477	7478	7479	7483	7484	7480	80326	7481	51384	8321	8324	2535	7976	8322	7855	8325	8323	11211	8326	4041	4040	1857	1856	1855	10023	23401	2147	183	2149	9002	1902	9170	23566	2846	57121	10161	185	2768	10672	23365	9826	9138	57449	387	6093	9475	6387	7852	2770	2773	2771	5731	5732	5733	5734	2778	107	108	109	196883	111	112	113	114	115	5566	5567	5568	2782	2783	2784	59345	10681	54331	2785	2786	2787	2788	94235	2790	2791	55970	51764	2792	2793	1284	1286	1288	1282	1287	1285	284217	3908	3909	3911	3910	3912	3913	3914	22798	3915	3918	10319	2335	3673	3674	3675	3655	3685	3688	5747	5290	5293	5291	5295	5296	8503	110117499	5728	4824	207	208	10000	1147	3551	8517	4792	4790	4791	5970	5743	4843	596	329	330	331	79444	598	7185	7186	7187	9618	7188	7189	2475	6198	6199	572	2308	4193	7157	1027	1026	613	25	1398	1399	867	6776	6777	5292	11040	3827	1906	623	624	1909	1910	2776	2767	23236	5330	5331	5332	5578	5579	5582	3558	3562	3565	3567	3569	3574	3592	3593	3596	3600	51561	2056	3439	3440	3441	3442	3443	3444	3445	3446	3447	3448	3449	3451	3452	3458	3559	3560	3561	3563	3566	1439	3568	3570	3572	3575	3594	3595	3597	3601	149233	2057	3454	3455	3459	3460	27436	238	10125	10235	25780	115727	3716	3717	3718	6774	6772	6773	6775	6778	7422	7423	5228	7424	2277	7039	1950	1956	2064	5154	5155	5156	5159	3479	3481	3480	4254	3815	2323	2322	3082	4233	2246	2247	2248	2249	8822	2251	2252	2253	2254	2255	8823	2250	8817	26281	27006	9965	26291	8074	2260	2263	2261	2264	2885	6654	6655	3265	3845	4893	369	673	5894	5604	5605	5594	5595	3725	2353	2113	4312	4313	4318	3576	1019	9252	5979	8030	8031	4914	7170	7175	10342	11186	83593	6789	1612	1613	23604	5335	5336	2002	810	805	808	801	163688	51806	91860	815	817	816	818	5900	5898	5899	10928	998	5879	5880	5881	5337	5338	5599	5602	5601	7849	5468	6256	6257	6258	5915	2099	2100	8648	8202	6667	5467	3728	7704	5914	890	8900	5371	861	862	6688	1050	1438	1441	1436	1029	1869	1870	1871	4149	7709	1030	1021	894	896	1163	1164	6500	8454	9978	6502	1017	898	9134	5925	1647	4616	10912	581	578	1643	51426	7015	7012	4286	7040	7042	7043	7046	7048	4087	4088	4089	2122	1487	1488	3065	3066	4292	4436	4437	2956	675	5888	356	355	8772	841	637	5366	27113	10018	54205	317	840	9817	4780	3162	1728	221357	2939	2941	119391	2948	2953	2952	2947	4257	4259	2944	2949	4258	2938	2946	2940	9446	653689	25774	2950	7296	114112	10587	7428	6921	6923	8453	54583	112399	112398	2271	3091	2034	405	9915	1387	2033	6513	182	3714	10683	28514	54567	4851	4853	4854	4855	3280	388585	26508	23462	23493	2324	6469	5727	6608	374654	51684	2735	2736	2737	650	652	64399	8643	367	3320	3326	7184	354
05202	Transcriptional misregulation in cancer	861	1436	4353	1437	3562	862	3065	3066	25942	9611	1050	8864	6688	929	3684	2209	3728	5371	5914	890	8900	1053	597	7704	4609	1848	6929	5087	51384	2120	51513	1667	1668	1669	1670	1671	728358	1991	3002	4297	4299	1025	904	905	4298	4300	84444	4005	5090	860	4086	51274	4208	3205	3206	221037	8091	7403	8464	8842	2322	55589	3480	1027	5218	4211	3207	6495	51804	2138	1031	3248	2892	2530	30012	3195	64919	8861	4066	3087	171558	5966	894	329	330	7185	598	942	958	604	102723407	4094	3695	7468	440093	3021	8351	8352	8350	3020	8290	126961	333932	653604	8353	8354	8355	8356	8357	8358	8968	5079	7849	5468	6256	6257	6258	5546	7030	1026	7113	2078	5328	5327	4314	4318	6935	7850	6692	2115	2118	2119	85414	2005	1655	4613	4149	4193	5747	7157	648	100532731	6667	7709	4914	4804	4221	2130	2313	3479	3398	7048	3486	54738	466	9915	472	4286	7490	5154	3560	8938	7102	4291	8013	8148	2521	1649	1051	3569	64332	4790	5970	3576	5081	5077	2308	2321	26039	6760	6756	6757	727837	26471	79058	4233	1647	4616	10912	581	578	1643	51426
05206	MicroRNAs in cancer	406952	406953	406979	406981	406980	406982	407048	407049	5728	407006	407007	1027	406991	7078	406881	406882	406883	406884	406886	406887	406888	406889	406890	406891	406885	3845	1021	993	994	995	8091	406901	406948	406949	406950	406951	595	894	898	9134	406913	1398	1399	406904	406905	9759	10014	27086	5292	4233	407021	407024	407025	407026	1788	1789	406922	406923	442890	4170	599	406937	1956	7422	406985	6935	406933	7042	406959	7430	406910	406911	406912	27250	406935	406967	406969	406970	1387	2033	406997	407020	407034	407033	407029	407030	407031	407032	7168	10253	596	5268	406947	406986	100616173	406988	407018	407019	6768	1545	407035	407055	406892	2475	57521	1591	2064	2065	25	8626	9839	6624	494324	693187	11186	406903	3236	54541	90427	407009	10298	4318	574031	574452	693200	693210	407014	407040	407053	406902	407010	407011	100500809	406906	6541	900	3162	406942	407008	3925	442909	494335	6774	4609	836	3265	4893	406978	442898	619552	407015	407016	407017	406943	1786	442891	406926	406925	324	10297	3667	5295	5296	8503	110117499	5598	5290	5293	5291	406983	406984	3190	8434	406907	406909	406908	406928	406915	406916	1871	407043	407044	407045	8660	442900	4851	4853	4854	4855	648	100532731	406938	4325	406954	406995	406955	406956	406957	574457	472	8651	442918	574467	574484	574493	574473	574461	960	406895	100302282	406896	100302238	23405	7976	3678	5962	387	574455	5328	578	23414	3690	7329	442904	6659	3371	63923	7143	7148	406989	574411	5243	442910	4363	406996	672	406900	1026	406992	1942	1943	1944	1945	1946	125467750	7057	10642	131405	407041	407042	407046	407047	407051	4790	406976	406977	3551	5743	5594	5595	5578	5579	5582	2885	2261	9252	7157	4193	4194	5156	5335	5336	406893	406894	5894	406971	5604	5605	6654	6655	6464	5154	406917	406918	399694	5155	5159	1029	1869	1870	407036	10018	4082	659	554213	3065	3066	2146	27165	2744	23411	7473	89780	442902	442903	113130	9493	574476	6093	5581	85414	7431
05205	Proteoglycans in cancer	960	6714	2017	3059	2064	2885	10451	7409	7410	3265	3845	4893	6237	22800	22808	673	5894	369	5604	5605	5594	5595	5879	8826	998	2002	2099	595	71	60	2316	5058	7074	9138	387	6093	9475	286	287	288	2549	5290	5293	5291	5295	5296	8503	110117499	207	208	10000	6548	5499	5500	5501	4659	4660	54776	23365	51196	3708	3709	3710	815	817	816	818	79923	388112	1655	29102	6774	406991	7291	117581	406902	406903	3236	1634	3479	3480	2475	5170	6198	6199	1975	6194	1956	857	858	859	967	1026	836	7040	7097	7099	27250	7124	3593	2065	2066	4609	1499	3091	7023	7422	3791	4233	867	7078	7057	4313	4318	4060	356	355	4193	7157	7042	4087	10855	60495	6382	5328	5329	1277	1278	3673	3688	7448	3685	3690	2335	3693	3082	7471	8321	8324	2535	7976	8322	7855	8325	8323	11211	8326	3678	6383	7430	5962	4478	6385	2247	2260	10818	5781	6654	6655	5335	5336	5578	5579	5582	84309	5829	5747	1839	2817	3481	2719	7472	7482	7473	89780	54361	7474	81029	7475	7476	7477	7478	7479	7483	7484	7480	80326	7481	51384	6469	3549	5727	6608	3339	1514	5566	5567	5568	5600	6300	5603	1432	3316	5777
05204	Chemical carcinogenesis - DNA adducts	10	9	1544	6799	6817	6818	445329	1543	1545	1558	1559	1562	1557	1576	2052	221357	2939	2941	119391	2948	2953	2952	2947	4257	4259	2944	2949	4258	2938	2946	2940	9446	653689	25774	2950	373156	27306	6822	1577	1551	100861540	64816	5743	1548	1549	1553	1646	3290	374875	873	10941	79799	7367	10720	54490	54578	54657	54658	54659	7365	54600	7364	54575	54576	54579	7366	54577	7363	574537	1571
05207	Chemical carcinogenesis - receptor activation	1139	89832	408	409	6714	5894	5925	1869	332	331	990	993	3717	6774	9641	595	1137	1141	1136	1143	775	776	778	779	774	773	5290	5293	5291	5295	5296	8503	110117499	207	208	10000	2475	4790	5970	3265	3845	4893	5604	5605	5594	5595	2353	3725	4609	596	5578	5579	5582	7422	2247	153	154	155	2778	107	108	109	196883	111	112	113	114	115	5566	5567	5568	1385	1386	468	10488	90993	64764	84699	148327	9586	1388	2770	2773	2771	572	55584	6197	6195	6196	27330	2099	2100	7421	896	1956	2885	6654	6655	1978	6198	6199	164091	85315	54852	5241	8600	6776	6777	604	688	9314	7471	4853	182	406933	407021	407024	407025	407026	367	406881	406882	406883	406884	406886	406887	406888	406889	406890	406891	1950	2248	2249	8822	2251	2252	2253	2254	2255	8823	2250	8817	26281	27006	10683	28514	54567	10728	23746	9049	196	3320	3326	7184	3836	3838	402569	3839	3840	23633	3841	3837	405	1543	1545	2052	2053	79852	253152	221357	2939	2941	119391	2948	2953	2952	2947	4257	4259	2944	2949	4258	2938	2946	2940	9446	653689	25774	10941	79799	7367	10720	54490	54578	54657	54658	54659	7365	54600	7364	54575	54576	54579	7366	54577	7363	574537	1555	9970	6256	6257	6258	1576	1544	5465
05208	Chemical carcinogenesis - reactive oxygen species	57412	221357	2939	2941	119391	2948	2953	2952	2947	4257	4259	2944	2949	4258	2938	2946	2940	9446	653689	25774	4535	4536	4537	4538	4539	4540	4541	4723	4729	4731	4694	4695	4696	4697	56901	4698	4700	4701	4702	4704	4705	4706	126328	55967	51079	4707	4708	4709	4710	4711	4712	4713	4714	4715	4716	54539	4719	4720	4722	4724	4725	4726	374291	4728	4717	4718	100532726	6389	6390	6391	6392	7386	4519	1537	7384	7385	7388	440567	7381	27089	29796	10975	4514	4512	4513	84701	1327	9377	1329	1337	1339	1340	125965	1345	1346	1347	9167	1349	170712	1350	341947	1351	498	506	509	513	514	4508	515	516	517	518	10476	539	522	4509	6648	7416	7417	7419	291	292	293	83447	10105	6647	847	10861	1836	65010	115019	1544	1571	1572	1543	1545	2052	2053	79852	253152	10327	1645	1646	8644	1109	1728	873	196	4025	50507	1535	27035	653361	4688	1950	1956	3082	4233	2885	6654	6655	3265	3845	4893	369	673	5894	5604	5605	5594	5595	4217	6416	5609	5599	5602	5601	5600	6300	5603	1432	3725	2353	5295	5296	8503	110117499	5290	5293	5291	5879	5170	207	208	10000	2309	572	5770	5728	1147	3551	8517	4792	5970	4790	5580	5795	52	5781	6714	25	27	5587	23683	25865	5747	5337	5338	9020	3091	405	7422	9817	4780	3162
05203	Viral carcinogenesis	6714	3265	3845	4893	5594	5595	1385	1386	468	10488	90993	64764	84699	148327	9586	1388	1642	7534	7529	10971	7531	7533	7532	3716	6774	6776	6777	836	3249	5290	5293	5291	5295	5296	8503	110117499	5970	5966	4791	4790	7157	898	9134	1017	1959	1960	7419	4055	6672	3190	1026	1654	5610	5566	5567	5568	8341	8345	8342	158983	255626	440689	8348	3018	8339	8340	8347	3017	8344	8346	8349	8970	85236	128312	8343	286436	114483833	54145	121504	554313	8294	8360	8361	8362	8363	8364	8365	8366	8367	8368	8370	8359	8369	581	2885	8717	983	387332	9519	6908	7874	4193	11317	3516	22938	2965	2966	730394	728340	2967	2968	2960	2961	27044	1387	2033	2959	595	894	896	1021	890	8900	6502	28973	7185	7186	7187	7188	3718	4067	6850	9114	245972	7337	1739	23513	5829	578	3661	5700	5925	5933	5934	1027	23352	3725	1108	3065	3066	8841	9759	10014	10013	51564	55869	9734	83933	79885	5315	10379	9093	8850	2648	11036	2957	2958	6722	8517	4792	5922	998	5879	387	2934	85477	87	81	1019	1029	1030	1111	991	8379	55697	5902	5423	3665	3572	1234	1237	1232	1233	9261	841	572	5366	718	3105	3106	3107	3134	3135	3133
05230	Central carbon metabolism in cancer	6513	6514	2645	5315	5161	5160	5162	5163	7157	9997	6510	23410	9123	51548	4609	3091	3815	4233	5979	1956	2064	4914	4916	5156	5159	2260	2263	2261	2322	3265	3845	4893	5894	5604	5605	5594	5595	27165	2744	2539	3101	3098	3099	80201	5213	5214	5211	5223	5224	441531	160287	92483	3939	3945	3948	3417	3418	57103	5728	5290	5293	5291	5295	5296	8503	110117499	207	208	10000	2475	8140
05231	Choline metabolism in cancer	1950	5154	5155	56034	80310	1956	5156	5159	2885	6654	6655	3265	3845	4893	5894	5604	5605	5594	5595	5900	5599	5602	5601	123745	5321	8681	100137049	8605	283748	255189	5290	5293	5291	5295	5296	8503	110117499	5170	207	208	10000	7248	7249	6009	2475	6198	6199	1978	23396	8394	8395	7454	5879	5880	5881	8936	10163	10810	6667	5337	5338	60482	23446	80736	204962	57153	126969	6580	6582	6581	6584	6583	1119	1120	3091	3725	2353	9468	5130	56994	5335	8611	8613	8612	8525	8527	9162	1606	8526	1607	160851	1608	1609	139189	5578	5579	5582	10434	56261
05235	PD-L1 expression and PD-1 checkpoint pathway in cancer	3091	1950	1956	3265	3845	4893	5894	5604	5605	5594	5595	2353	3725	27436	238	5295	5296	8503	110117499	5290	5293	5291	5728	207	208	10000	2475	6198	6199	1147	3551	8517	4792	4793	4794	4790	5970	3458	3459	3460	3716	3717	6772	6774	7097	7099	54106	114609	4615	7189	4772	4773	4775	148022	353376	29126	5133	5777	5781	55509	10538	116071	1457	1459	283106	1460	920	3932	916	917	919	915	7535	4215	5606	5608	5600	6300	5603	1432	27040	5335	5530	5532	5533	5534	5535	10125	940	5588
05210	Colorectal cancer	2932	8312	8313	1499	324	10297	6932	83439	6934	51176	332	4609	595	3845	5290	5293	5291	5295	5296	8503	110117499	207	208	10000	572	842	369	673	5894	5604	5605	5594	5595	3725	2353	5900	5898	5899	5879	5880	5881	387	5599	5602	5601	1630	836	26060	7040	7042	7043	7046	7048	4087	4088	4089	4292	4436	4437	2956	581	5366	10018	27113	596	54205	7157	1026	1647	4616	10912	578	1643	51426	1950	7039	2069	374	1956	2885	6654	6655	3265	4893	2475	6198	6199
05212	Pancreatic cancer	3845	5290	5293	5291	5295	5296	8503	110117499	9459	5879	5880	5881	4790	5970	207	208	10000	1147	3551	8517	572	598	842	369	673	5894	5604	5594	5595	5599	5602	5601	5900	5898	5899	10928	998	5337	5338	7039	1950	1956	2064	2475	6198	6199	3716	6774	6772	7422	1029	1019	1021	595	5925	1869	1870	1871	7157	1026	1647	4616	10912	581	578	1643	51426	7040	7042	7043	7046	7048	4087	4088	4089	675	5888
05225	Hepatocellular carcinoma	7039	1956	3481	3480	5335	5336	5578	5579	5582	2002	6464	25759	53358	399694	2885	6654	6655	3265	3845	4893	369	673	5894	5604	5605	5594	5595	5290	5293	5291	5295	5296	8503	110117499	5728	207	208	10000	2475	6198	6199	572	598	4609	5925	1869	1870	1871	7015	7012	7157	1026	1647	4616	10912	581	578	1643	51426	1029	1019	1021	595	7040	7042	7043	7046	7048	4087	4088	4089	7471	7472	7482	7473	89780	54361	7474	81029	7475	7476	7477	7478	7479	7483	7484	7480	80326	7481	51384	8321	8324	2535	7976	8322	7855	8325	8323	11211	8326	4041	4040	1857	1856	1855	10023	23401	2932	8312	8313	324	10297	1499	122011	1452	6932	83439	6934	51176	9817	4780	3162	1728	221357	2939	2941	119391	2948	2953	2952	2947	4257	4259	2944	2949	4258	2938	2946	2940	9446	653689	25774	2950	7296	114112	10587	3082	4233	2549	71	60	86	51412	6602	6603	6604	55274	8193	8110	57492	8289	6605	6598	6599	6601	6595	6597	196528	55193	29117
05226	Gastric cancer	1045	4583	1015	83998	5243	6469	7157	1026	1647	4616	10912	581	578	1643	51426	5915	6256	6257	6258	7471	7472	7482	7473	89780	54361	7474	81029	7475	7476	7477	7478	7479	7483	7484	7480	80326	7481	51384	8321	8324	2535	7976	8322	7855	8325	8323	11211	8326	4041	4040	1857	1856	1855	10023	23401	2932	8312	8313	324	10297	1499	122011	1452	6932	83439	6934	51176	4609	595	7015	7012	1950	1956	2064	6464	25759	53358	399694	2885	6654	6655	3265	3845	4893	369	673	5894	5604	5605	5594	5595	5290	5293	5291	5295	5296	8503	110117499	207	208	10000	2475	6198	6199	596	4292	1027	1017	898	9134	5925	1869	1870	1871	7040	7042	7043	7046	7048	4087	4088	4089	1030	999	29119	1495	1496	3728	3082	4233	2246	2247	2248	2249	8822	2251	2252	2253	2254	2255	8823	2250	8817	26281	27006	9965	26291	8074	2263	2549
05214	Glioma	1950	7039	1956	5154	5155	5156	5159	3479	3480	5335	5336	810	805	808	801	163688	51806	91860	57118	57172	8536	815	817	816	818	814	5578	5579	5582	6464	25759	53358	399694	2885	6654	6655	3265	3845	4893	369	673	5894	5604	5605	5594	5595	5290	5293	5291	5295	5296	8503	110117499	207	208	10000	2475	5728	1029	4193	7157	1026	595	1019	1021	5925	1869	1870	1871	1647	4616	10912	581	578	1643	51426
05216	Thyroid cancer	5979	8030	8031	4914	7170	7175	10342	3265	4893	3845	673	5604	5605	5594	5595	7849	5468	6256	6257	6258	7157	1026	1647	4616	10912	581	578	1643	51426	999	1499	6932	83439	6934	51176	4609	595
05221	Acute myeloid leukemia	3815	2322	5290	5293	5291	5295	5296	8503	110117499	207	208	10000	1147	3551	8517	4790	5970	572	2475	1978	6198	6199	2885	6654	6655	3265	4893	3845	369	673	5894	5604	5605	5594	5595	6774	6776	6777	5292	11040	861	1436	4353	1437	3562	862	5371	5914	7704	1050	8864	6688	929	3684	2209	1053	597	890	8900	4609	1848	3728	6932	83439	6934	51176	595	5467
05220	Chronic myeloid leukemia	613	25	1398	1399	867	5290	5293	5291	5295	5296	8503	110117499	207	208	10000	572	598	1147	3551	8517	4792	4790	5970	4193	7157	1027	2885	9846	5781	6654	6655	3265	3845	4893	5894	369	673	5604	5605	5594	5595	6464	25759	53358	399694	4609	6776	6777	1029	1026	595	1019	1021	5925	1869	1870	1871	1647	4616	10912	581	578	1643	51426	7040	7042	7043	7046	7048	4088	4089	2122	861	1487	1488	3065	3066
05217	Basal cell carcinoma	7157	1026	1647	4616	10912	581	578	1643	51426	6469	5727	6608	374654	51684	2735	2736	2737	650	652	64399	8643	7471	7472	7482	7473	89780	54361	7474	81029	7475	7476	7477	7478	7479	7483	7484	7480	80326	7481	51384	8321	8324	2535	7976	8322	7855	8325	8323	11211	8326	1857	1856	1855	2932	8312	8313	324	10297	1499	6932	83439	6934	51176
05218	Melanoma	2246	2247	2248	2249	8822	2251	2252	2253	2254	2255	8823	2250	8817	26281	27006	9965	26291	8074	3082	3479	5154	5155	56034	80310	1950	2260	4233	3480	5156	5159	1956	3265	3845	4893	369	673	5894	5604	5605	5594	5595	595	1019	5290	5293	5291	5295	5296	8503	110117499	207	208	10000	572	5728	1029	4193	7157	1026	1021	5925	1869	1870	1871	999	1647	4616	10912	581	578	1643	51426	4286
05211	Renal cell carcinoma	3091	2034	54583	112399	112398	7428	6921	6923	9978	8453	405	9915	1387	2033	6513	7422	7040	7042	7043	5155	7039	3082	4233	2549	5290	5293	5291	5295	5296	8503	110117499	207	208	10000	572	1398	1399	2889	5906	5908	5781	2885	6654	6655	3265	3845	4893	369	673	5894	5604	5605	5594	5595	2113	3725	5879	998	5058	5062	5063	10298	57144	56924	106821730	5546	7030	1026	2271	201163
05219	Bladder cancer	2261	3265	3845	4893	369	673	5894	5604	5605	5594	5595	9252	4609	11186	1612	1613	23604	1029	4193	7157	1026	595	1019	5925	1869	1870	1871	7057	1839	4313	4318	7380	6714	1950	2064	1956	1890	7422	4312	3576	999
05215	Prostate cancer	2950	1027	1017	898	9134	5925	1869	1870	1871	7113	2078	5328	5327	4314	4318	6935	7850	6692	2119	3630	5154	5155	56034	80310	1950	7039	3479	3645	5156	5159	2260	2263	1956	2064	3480	5290	5293	5291	5295	5296	8503	110117499	5728	5170	4824	207	208	10000	842	572	2308	1026	4193	7157	2932	1385	468	10488	90993	64764	84699	148327	9586	1499	1387	2033	6932	83439	6934	51176	595	1147	3551	8517	4792	4790	5970	596	2475	2885	6654	6655	3265	3845	4893	369	673	5894	5604	5605	5594	5595	6716	367	3320	3326	7184	354
05213	Endometrial cancer	1950	1956	5290	5293	5291	5295	5296	8503	110117499	5728	5170	3611	207	208	10000	842	572	2309	2885	6654	6655	3265	3845	4893	369	673	5894	5604	5605	5594	5595	2002	4292	999	1499	29119	1495	1496	8312	8313	324	10297	2932	6932	83439	6934	51176	4609	595	7157	1026	1647	4616	10912	581	578	1643	51426	2064
05224	Breast cancer	2099	2100	8648	8202	2353	3725	6667	595	4609	5241	7471	54361	8600	2064	2246	2247	2248	2249	8822	2251	2252	2253	2254	2255	8823	2250	8817	26281	27006	9965	26291	8074	2260	3479	3480	1950	1956	3815	6464	25759	53358	399694	2885	6654	6655	3265	3845	4893	369	673	5894	5604	5605	5594	5595	5290	5293	5291	5295	5296	8503	110117499	5728	207	208	10000	2475	6198	6199	182	3714	10683	28514	54567	4851	4853	4854	4855	3280	388585	26508	23462	23493	2324	1026	4791	7472	7482	7473	89780	7474	81029	7475	7476	7477	7478	7479	7483	7484	7480	80326	7481	51384	8321	8324	2535	7976	8322	7855	8325	8323	11211	8326	4041	4040	1857	1856	1855	10023	23401	2932	8312	8313	324	10297	1499	122011	1452	6932	83439	6934	51176	7157	1647	4616	10912	581	578	1643	51426	1019	1021	5925	1869	1870	1871	672	675
05222	Small cell lung cancer	2272	5915	6256	6257	6258	7157	1026	1647	4616	10912	581	578	1643	51426	596	54205	317	842	836	4609	4149	7709	1030	1019	1021	595	1163	1164	6502	1027	1017	898	9134	5925	1869	1870	1871	1284	1286	1288	1282	1287	1285	284217	3908	3909	3911	3910	3912	3913	3914	22798	3915	3918	10319	2335	3673	3674	3675	3655	3685	3688	5747	5290	5293	5291	5295	5296	8503	110117499	5728	207	208	10000	1147	3551	8517	4792	4790	5970	329	330	331	79444	598	7185	7186	7187	9618	7188	7189	5743	4843
05223	Non-small cell lung cancer	2272	5915	6256	6257	6258	1029	1019	1021	595	5925	1869	1870	1871	3845	11186	83593	6789	5290	5293	5291	5295	5296	8503	110117499	5170	207	208	10000	572	842	2309	1950	7039	1956	2064	3082	4233	2885	6654	6655	3265	4893	369	673	5894	5604	5605	5594	5595	5335	5336	5578	5579	5582	7157	1026	1647	4616	10912	581	578	1643	51426	3798	3799	3800	5979	27436	238	3718	6774	6776	6777
05166	Human T-cell leukemia virus 1 infection	6513	8829	4609	8295	10524	894	3683	3689	3383	3265	3845	4893	5604	5605	5594	5595	920	7094	83660	8498	5901	7514	811	821	5530	5532	5533	5534	5535	4772	4773	4775	4776	3560	3561	3716	3718	6776	6777	3558	3105	3106	3107	3134	3135	3133	567	2224	7416	291	292	293	83447	7417	7419	706	55697	5902	8379	4085	701	9184	64682	29882	996	29945	51433	8881	51434	8697	10393	51529	246184	25847	25906	119504	991	9232	10744	9700	9133	1030	1029	1019	595	896	1026	890	8900	898	9134	1017	5925	1869	1870	1871	472	545	1111	11200	7157	5295	5296	8503	110117499	5290	5293	5291	207	208	10000	1739	5728	7124	7132	4214	6416	5599	5602	5601	3725	4316	3554	7850	915	916	917	4215	1147	3551	8517	4792	4790	5970	2874	4055	958	115650	9020	5971	4791	7538	3559	3600	3601	3569	1437	4049	598	331	7040	7042	7043	7046	7048	4087	4088	4089	107	108	109	196883	111	112	113	114	115	5566	5567	5568	4801	3108	3109	3111	3112	3113	3115	3117	3118	3119	3122	3123	3125	3126	3127	6722	2005	2002	6688	2113	2114	387332	9519	6908	2353	1958	8061	1959	1385	10488	90993	64764	84699	148327	1386	468	9586	1388	23373	200186	64784	1387	2033	8850	2648	6929	5423	3932	581	1031	7015	4487	4488
05170	Human immunodeficiency virus 1 infection	920	8945	23291	6500	8454	9978	7852	1234	2770	2773	2771	2775	5290	5293	5291	5295	5296	8503	110117499	5747	2185	5829	1398	1399	207	208	10000	2475	6198	6199	4790	5970	2353	3725	572	3265	3845	4893	5894	5604	5605	5594	5595	2776	2767	5335	5336	3708	3709	3710	810	805	808	801	163688	51806	91860	5530	5532	5533	5534	5535	4772	4773	4775	4776	5578	5579	5582	2782	2783	2784	59345	10681	54331	2785	2786	2787	2788	94235	2790	2791	55970	51764	2792	2793	5879	5880	5881	5058	5062	5063	10298	57144	56924	106821730	3984	3985	1072	1073	7124	7133	598	7097	7099	4615	51135	3654	7189	10454	23118	6885	1147	3551	8517	4792	3439	3440	3441	3442	3443	3444	3445	3446	3447	3448	3449	3451	3452	3456	5600	6300	5603	1432	5599	5602	5601	115004	340061	29110	3661	164668	200316	100913187	140564	200315	27350	60489	9582	25939	85363	684	7132	8737	8717	7188	7186	5606	5608	5609	356	355	8772	841	637	581	578	596	54205	842	836	916	917	915	919	6890	6891	6892	2923	811	3105	3106	3107	3134	3135	3133	162	164	8906	8907	10053	1174	8905	130340	567	6923	6921	8065	9616	9730	1642	8450	8451	472	545	1111	995	7465	494551	891	9133	85417	983
05161	Hepatitis B	3339	6554	7040	7042	7043	7046	7048	4088	1026	5599	5602	5601	4609	1959	1960	1387	2033	356	1642	1643	4214	7534	7529	10971	6416	5290	5293	5291	5295	5296	8503	110117499	207	208	10000	1147	3551	8517	4792	4790	5970	4318	596	572	355	8772	841	843	637	581	317	54205	842	836	100506742	332	7157	890	8900	1017	898	9134	5925	1869	1870	1871	537	5578	5579	5582	4772	4773	4775	4776	7124	3716	3717	3718	7297	6774	6772	6773	6775	6776	6777	6778	7419	2185	6714	2885	6654	6655	3265	3845	4893	3725	4089	1386	1385	10488	90993	64764	84699	148327	468	9586	1388	3576	5111	369	673	5894	5604	5605	5594	5595	2353	2002	7097	4615	114609	7099	51135	3654	7189	10454	23118	6885	3569	5606	5608	5600	6300	5603	1432	5609	353376	7098	148022	23586	64135	57506	7187	9641	29110	1654	3661	3665	3439	3440	3441	3442	3443	3444	3445	3446	3447	3448	3449	3451	3452	3456	3454
05160	Hepatitis C	3949	949	975	1364	1365	1366	149461	10686	23562	24146	26285	49861	5010	51208	53842	7122	9071	9073	9074	9075	9076	9080	137075	100288814	644672	100132463	9069	100506658	4938	4939	4940	6041	23586	57506	7187	29110	9641	3661	3665	3439	3440	3441	3442	3443	3444	3445	3446	3447	3448	3449	3451	3452	3456	3458	7098	148022	7189	8737	1147	3551	8517	4792	4790	5970	7124	3627	27102	5610	9451	440275	3434	439996	3646	1965	6774	9021	3454	3455	3716	7297	6772	6773	10379	4599	4600	91543	5519	5518	5520	5521	5522	55844	5515	5516	8554	1950	1956	2885	6654	6655	3265	3845	4893	673	5894	369	7534	7529	10971	7531	7533	7532	5604	5605	5594	5595	5295	5296	8503	110117499	5290	5293	5291	207	208	10000	2932	1499	572	1026	7157	1017	1019	1021	5925	1869	1870	1871	7132	8717	7186	356	355	8772	841	836	8837	637	581	578	54205	317	842	10197	6256	5465	10062	595	4609
05171	Coronavirus disease - COVID-19	7113	59272	8829	1636	4142	185	1536	4790	5970	7124	3569	3553	3592	3593	4314	4312	6347	3576	6868	7132	4792	4793	1839	1956	3570	3572	3716	7297	6774	3558	1440	1437	3627	6187	6188	6189	6192	6191	140032	6193	6194	6201	6202	6203	6204	100529239	6205	6206	6207	6208	6209	6210	6217	6218	6222	6223	6224	6227	6228	6229	6230	6231	6232	51065	6233	6234	6235	2197	3921	388524	6123	6122	6124	6125	6128	6129	6130	6132	6133	140801	6134	4736	6135	6136	6137	23521	9045	6138	6139	100526842	6141	6142	6143	6144	200916	6146	9349	6147	51187	6152	6154	51121	6155	6157	6158	6159	6156	6160	6161	6164	11224	6165	25873	6167	6168	6169	6170	7311	6171	6166	6173	100529097	6175	6176	6181	102723407	2212	6850	5290	5293	5291	5295	5296	8503	110117499	5335	5336	5578	5579	5582	5594	5595	5600	6300	5603	1432	7097	7099	4615	51284	51311	51135	3654	7189	6885	23118	5599	5602	5601	2353	3725	1147	3551	8517	114548	834	7098	23586	9636	64135	57506	7187	9641	29110	3661	115004	340061	3439	3440	3441	3442	3443	3444	3445	3446	3447	3448	3449	3451	3452	3456	3454	3455	6772	6773	10379	103	4938	4939	4940	4599	4600	5610	728	719	718	629	1675	727	729	730	731	732	733	735	6403	7450	712	713	714	715	716	717	720	721	100293534	4153	5648	10747	2147	2162	2165	2243	2244	2266
05164	Influenza A	23430	7177	64499	5340	5646	5645	5644	7113	56649	9407	5579	4938	4939	4940	6041	3337	5611	5610	1965	7706	23586	64135	79671	57506	1147	3551	8517	4793	4792	4790	5970	10241	7098	148022	7187	29110	9641	3661	1387	2033	7099	51284	4615	51135	3665	3552	3553	3569	3592	3593	7124	3576	6347	6352	3627	3383	3439	3440	3441	3442	3443	3444	3445	3446	3447	3448	3449	3451	3452	3456	3454	3455	3716	7297	9021	6772	6773	10379	4599	4600	103	5371	3458	3459	3460	3717	4261	3108	3109	3111	3112	3113	3115	3117	3118	3119	3122	3123	3125	3126	3127	114548	29108	834	3606	90865	5295	5296	8503	110117499	5290	5293	5291	207	208	10000	896	1019	1021	8743	8797	8795	356	355	7132	8717	8772	841	637	581	578	7416	291	292	293	83447	54205	317	842	836	10898	642843	8106	390748	100529063	10482	56001	728343	56000	29107	55916	11100	8480	4928	91543	2224	5578	5894	5604	5605	5594	5595	71	60	8766	9230	7514	3836	3838	402569	23633	3841
05162	Measles	4179	4478	6504	10332	30835	23586	64135	57506	7187	9641	29110	3661	1147	3551	8517	4793	4792	4790	5970	51284	54106	4615	3654	51135	3665	3439	3440	3441	3442	3443	3444	3445	3446	3447	3448	3449	3451	3452	3456	7097	7099	7189	1457	1459	283106	1460	7128	6885	23118	5599	5602	5601	3725	2353	3552	3553	3569	3592	3593	3454	3455	10399	3716	7297	6772	6773	10379	4938	4939	4940	103	4599	4600	27102	5610	9451	440275	9367	51209	3312	3303	3305	3304	3310	8667	1965	25898	7157	7161	27113	356	355	8717	8772	841	637	581	578	596	598	572	54205	317	842	836	1027	595	894	896	898	9134	1019	1021	1017	915	916	917	940	3558	3559	3560	3561	5295	5296	8503	110117499	5290	5293	5291	868	207	208	10000	2932	3718	6774	6776	6777	2213
05168	Herpes simplex virus 1 infection	4049	8740	8764	7186	7188	3551	1147	8517	4792	4790	5970	329	330	6347	5818	5819	29992	29990	5781	3678	3690	6714	6850	64170	3661	3456	7157	718	727	5199	7097	54106	4615	3665	7098	148022	51135	3654	7189	6885	10454	23118	3553	6352	3569	7124	3592	3593	23586	64135	57506	7187	9641	29110	3439	3440	3441	3442	3443	3444	3445	3446	3447	3448	3449	3451	3452	115004	340061	5499	5500	5501	27102	5610	9451	440275	1965	1967	8892	8891	8890	8893	4938	4939	4940	6041	3054	29915	5451	5452	25833	3454	3455	9021	3716	7297	6772	6773	10379	147949	148156	148198	148254	148266	148268	152687	155054	155061	158431	162655	162962	162963	162967	162972	162993	163049	163050	163051	163059	163087	163131	163227	163255	169270	169841	170959	171392	199692	201514	219749	22835	22869	253639	255403	256051	25799	25888	26149	26152	26974	27153	27300	282890	284306	284307	284370	284390	284406	284459	10172	10224	10308	10520	10780	10793	10794	10795	10838	113835	114026	115196	115509	117608	121274	125893	125919	126017	7559	7561	7562	7565	7567	7568	7569	7574	7581	7582	7587	7592	7594	7596	7633	7637	7638	7639	7644	7652	7673	7678	7691	7692	7694	7695	7699	7700	7710	7711	7712	7728	7730	7733	7738	7743	7748	7755	7757	7761	7766	7767	7768	7769	7770	7771	7772	7773	79088	79175	79230	79744	79788	79818	79862	7988	79891	79898	79973	80032	80095	80110	80264	80778	80818	81856	81931	8427	84436	84449	84503	84527	84671	84765	84775	84874	84911	84914	84924	90233	90317	90321	90333	90338	90576	90592	90594	90649	90827	91120	91661	91975	92283	92285	92595	9310	93474	94039	9534	9668	163071	126070	126295	127396	136051	139735	140612	146198	146434	146540	147657	147658	147686	147687	147694	147741	147837	147923	147929	147948	285268	285676	286075	30832	339327	339559	340252	340385	342908	342909	342926	344787	346171	348327	349075	353088	353355	374879	374900	374928	388536	388566	388569	390927	400720	440077	440515	441234	51276	51385	51710	54753	54925	55422	55552	55659	55713	55762	55786	55900	56242	57209	57335	57343	57474	57547	57573	57615	57677	57693	57786	58492	58500	59348	63934	641339	65251	6940	728927	728957	729747	7539	7551	7553	7554	7556	83744	162239	163081	126375	374899	7643	347344	90075	90987	146542	7549	7571	93134	100129543	148103	100289678	57541	284349	345462	389114	54811	57232	7752	197320	9831	442319	168417	79724	65243	339318	100287226	342892	100289635	100529215	101060200	148206	163223	170960	199704	285267	388561	51427	55769	57711	730051	730291	91664	388567	284371	100131017	100131827	284323	7625	730087	162966	100129842	388558	388559	390980	126068	126231	147660	9422	170958	110116772	7576	440519	7617	388523	148213	168374	654254	400713	148203	199777	220992	284309	54807	344065	100131980	100132396	162968	90589	646864	100419780	10781	339500	684	3458	3459	3460	3717	1616	6672	5371	6890	6891	6892	2923	811	3105	3106	3107	3134	3135	3133	567	3108	3109	3111	3112	3113	3115	3117	3118	3119	3122	3123	3125	3126	3127	972	5290	5293	5291	5295	5296	8503	110117499	207	208	10000	7248	7249	6009	2475	1978	6732	6426	6427	10929	6428	6429	6430	6431	6432	8683	10482	56001	728343	56000	10189	356	355	7132	8717	8772	841	637	581	578	572	596	598	54205	317	842	836
05163	Human cytomegalovirus infection	5156	5290	5293	5291	5295	5296	8503	110117499	207	208	10000	7248	7249	6009	2475	1978	6198	6199	1147	3551	8517	4790	5970	1956	2885	6654	6655	3265	3845	4893	5894	5604	5605	5594	5595	2002	6667	3685	3690	6714	5879	5880	5881	387	115004	340061	29110	3661	3439	3440	3441	3442	3443	3444	3445	3446	3447	3448	3449	3451	3452	3456	7124	7132	8737	8717	7188	7186	3553	3554	4792	6347	6352	3576	3569	2782	2783	2784	59345	10681	54331	2785	2786	2787	2788	94235	2790	2791	55970	51764	2792	2793	2776	2767	23236	5330	5331	5332	3708	3709	3710	810	805	808	801	163688	51806	91860	5530	5532	5533	5534	5535	4772	4773	4775	4776	5743	2770	2773	2771	2775	107	108	109	196883	111	112	113	114	115	5566	5567	5568	6348	6349	414062	6351	9560	388372	6376	2768	10672	9138	9826	23365	11214	6093	9475	1499	5731	5732	5733	5734	2778	2932	595	4609	3570	3716	6774	7422	5608	5600	6300	5603	1432	1385	1386	468	10488	90993	64764	84699	148327	9586	1388	6387	7852	5578	5579	5582	2185	5747	9564	1398	1399	5829	3587	3588	3579	1230	1232	1234	6890	6891	6892	2923	811	3105	3106	3107	3134	3135	3133	567	1029	4193	7157	1026	1019	1021	5925	1869	1870	1871	356	355	8772	841	637	581	578	54205	842	836
05167	Kaposi sarcoma-associated herpesvirus infection	718	7098	148022	7187	9641	29110	3665	3439	3440	3441	3442	3443	3444	3445	3446	3447	3448	3449	3451	3452	3661	1387	2033	3456	3454	3455	3716	7297	6772	6773	10379	5610	5600	6300	5603	1432	9261	5608	7538	3569	1437	1232	1234	1230	1233	1237	355	8772	841	637	581	578	54205	842	836	7132	8717	7186	1147	3551	8517	4792	4790	5970	7157	1026	1019	1021	5925	1869	1870	1871	3105	3106	3107	3134	3135	3133	3459	3383	942	4277	100507436	9976	7311	6233	7314	7316	8678	441925	22863	5289	64422	440738	81631	84557	643246	392288	2782	2783	2784	59345	10681	54331	2785	2786	2787	2788	94235	2790	2791	55970	51764	2792	2793	3265	3845	4893	5894	5604	5605	5594	5595	3091	3725	2353	5294	23533	146850	5290	5293	5291	5295	5296	8503	110117499	207	208	10000	2475	57580	5879	5599	5602	5601	344807	131450	6850	6714	3055	4067	6416	5609	5336	5335	3708	3709	3710	810	805	808	801	163688	51806	91860	5530	5532	5533	5534	5535	4772	4773	4775	4776	3576	5743	2919	2920	2921	1827	2247	7422	5155	285	3572	3717	6774	2932	1499	6932	83439	6934	51176	1385	595	4609
05169	Epstein-Barr virus infection	1380	930	3108	3109	3111	3112	3113	3115	3117	3118	3119	3122	3123	3125	3126	3127	7097	4615	51135	3654	7189	10454	23118	6885	1147	3551	8517	4792	4790	5970	7124	3569	23586	57506	7187	29110	9641	3665	3661	3439	3440	3441	3442	3443	3444	3445	3446	3447	3448	3449	3451	3452	3456	3454	3455	3716	7297	6772	6773	10379	5610	4938	4939	4940	3627	9636	355	8772	841	637	10018	596	581	578	54205	317	842	836	916	917	915	919	5701	5700	5704	5706	5702	5705	5708	5707	5709	5718	5717	9861	5713	5719	5710	10213	5714	11047	7979	6890	6891	6892	2923	811	3105	3106	3107	3134	3135	3133	567	22938	25942	3065	3066	9612	8819	79685	9541	11317	3516	3280	2208	864	4609	7874	4193	7157	1026	1647	4616	10912	1643	51426	7188	5290	5293	5291	5295	5296	8503	110117499	207	208	10000	9020	5971	4791	8717	4793	4794	6416	5609	5599	5602	5601	7186	8737	5606	5608	5600	6300	5603	1432	3725	956	377841	953	958	960	3683	965	3383	7431	7128	3718	6774	4067	6850	4734	5879	102723407	695	29760	5336	6502	1027	595	894	896	1019	1021	890	8900	898	9134	1017	5925	1869	1870	1871
05165	Human papillomavirus infection	7471	7472	7482	7473	89780	54361	7474	81029	7475	7476	7477	7478	7479	7483	7484	7480	80326	7481	51384	8321	8324	2535	7976	8322	7855	8325	8323	11211	8326	1857	1856	1855	2932	8312	8313	324	10297	1499	122011	1452	7015	6932	83439	6934	7337	7098	148022	7187	9641	29110	3661	3456	1387	2033	10474	7157	9223	5728	56288	50855	84552	84612	5584	5590	998	23513	1739	1740	1741	3993	3996	92359	10207	64398	7450	7057	1311	7058	7059	7060	2335	1277	1278	1280	1284	1286	1288	1282	1287	1285	1291	1292	1293	131873	256076	1297	1298	1299	284217	3908	3909	3911	3910	3912	3913	3914	22798	3915	3918	10319	1101	5649	6696	7448	3371	63923	7143	7148	3381	3672	3673	3674	3675	3676	3678	3655	3679	8516	3680	8515	22801	3685	3688	3690	3691	3693	3694	3695	3696	5747	5829	7124	7132	8717	356	355	8772	841	836	9368	5515	5516	5519	5518	5520	5521	5522	55844	28227	55012	5523	5526	5527	5528	5529	5525	7248	7249	6009	2475	1978	6198	6199	578	572	5159	5290	5293	5291	5295	5296	8503	110117499	207	208	10000	2308	1027	1026	595	894	896	1019	1021	898	9134	1017	5925	5933	5934	5700	1869	890	8900	472	545	7422	1147	3551	8517	4790	5970	4193	4799	3065	3066	1108	3659	387332	9519	6908	3105	3106	3107	3134	3135	3133	10134	523	525	526	245973	528	51382	90423	529	9296	101927180	9550	127124	534	51606	10312	23545	50617	535	9114	245972	8992	155066	527	533	537	1950	1956	2885	6654	6655	3265	3845	4893	5894	5604	5605	5594	5595	5743	5734	2778	5566	5567	5568	581	1385	10488	90993	64764	84699	148327	9586	23352	27175	7283	5315	3439	3440	3441	3442	3443	3444	3445	3446	3447	3448	3449	3451	3452	3454	3455	3716	7297	6772	6773	10379	5610	8638	4599	4600	9636	182	4851	4853	4854	4855	5663	4242	3955	5986	55534	84441	9794	11317	3516	3280	54626	55502	84667	390992	57801	388585	26508	23462	23493
05110	Vibrio cholerae infection	523	525	526	245973	528	51382	90423	529	9296	101927180	9550	127124	534	8992	155066	10312	23545	50617	535	9114	245972	51606	537	527	533	10945	11014	11015	9601	30001	29927	55176	10952	23480	375	2778	109	115	5566	5567	5568	1080	3784	6558	71	60	5335	5336	5578	7082	9414
05120	Epithelial cell signaling in Helicobacter pylori infection	5781	4233	5335	5336	7082	50848	58494	83700	150084	6868	1839	1956	3576	3577	3579	102	6714	4067	1445	5879	998	5600	6300	5603	1432	5058	6416	5599	5602	5601	3725	9020	1147	3551	8517	4792	4790	5970	10392	2919	2920	2921	6352	5803	28964	836	523	525	526	245973	528	51382	90423	529	9296	101927180	9550	127124	534	8992	155066	10312	23545	50617	535	9114	245972	51606	537	527	533
05130	Pathogenic Escherichia coli infection	102723407	6714	2212	5879	9265	27128	9266	9267	382	375	10787	3071	23191	26999	10006	55845	8936	10163	10810	10097	57180	653857	10096	10095	10552	10109	10094	10093	10092	81873	71	60	9138	387	998	283446	4430	4542	4640	4641	4642	4643	64005	4644	4645	55930	4646	4651	4627	4628	4629	79784	8976	9368	7430	2147	1902	9170	2846	57121	2149	2768	10672	9826	23365	10376	7277	7278	7846	84790	51807	112714	113457	79861	84617	203068	81027	7280	10381	10382	347688	347733	10383	260334	9181	6093	9475	2534	25	55971	10458	4690	8440	147179	7456	644150	2017	3059	4691	3688	3553	3554	7099	114609	4615	7100	3654	51135	5777	5781	7189	7124	7132	8717	2597	7186	8737	6885	10454	23118	257397	8517	1147	3551	4792	4793	4790	5970	6188	5594	5595	5599	5602	5601	5600	6300	5603	1432	2353	3725	3569	3576	8743	8797	8795	356	355	8772	841	7009	578	581	54205	842	836	840	10061	114483834	4671	147945	114548	29108	834	837	3606	5058	5062	5063	5861	10427	10802	9632	9871	10972	100506658	1364	1365	1366	149461	10686	23562	24146	26285	49861	5010	51208	53842	7122	9071	9073	9074	9075	9076	9080	137075	100288814	644672	100132463	9069	7082
05132	Salmonella infection	5420	5788	5868	5869	5878	5289	7879	338382	9842	55823	64601	57617	65082	23339	27072	83547	1778	79659	1780	1781	1783	51143	51626	8655	140735	83658	83657	6993	6990	1639	10540	11258	51164	84516	10671	10121	10120	55860	10376	7277	7278	7846	84790	51807	112714	113457	79861	84617	203068	81027	7280	10381	10382	347688	347733	10383	260334	79443	127829	55207	23207	3798	3799	3800	147700	3831	64837	89953	64746	387	4074	9367	51209	9648	8677	345456	5216	5217	375189	2316	23265	10640	60412	55770	5898	71	60	6281	302	79026	113146	57381	26084	391	9844	63916	9475	4633	4636	58498	10398	93408	103910	10627	29895	29109	998	5879	10787	3071	23191	26999	10006	55845	10810	10097	57180	653857	10096	10095	10552	10109	10094	10093	10092	81873	5058	5063	4646	5290	5293	5291	5294	5288	5286	5287	9265	27128	9266	9267	382	375	112574	257364	51429	8976	1785	10333	7097	114609	4615	929	7099	23643	7100	54106	3654	51135	7189	6885	10454	23118	257397	8517	1147	3551	4792	4790	5970	10392	3320	3326	7184	8767	1434	3836	3839	3840	6188	3265	5894	5604	5605	5594	5595	5606	5608	5600	6300	5603	1432	6416	5609	5599	5602	5601	2353	3725	7124	3553	3569	3576	1499	6932	83439	6934	51176	4609	5585	26263	6500	7132	7186	8717	329	330	8737	2597	8743	8797	8795	8772	841	11035	581	578	54205	596	836	840	388	399	6237	207	208	10000	197259	7295	25828	114548	4671	58484	29108	834	3606	837	838	79792
05131	Shigellosis	960	3678	3688	6714	5747	1398	1399	9564	2017	3059	5829	9844	63916	1793	5879	8936	10163	10097	57180	653857	10096	10095	10552	10109	10094	10093	10092	81873	71	60	387	1729	6093	9475	4633	4636	58498	10398	93408	103910	10627	29895	87	81	3611	7094	83660	7414	998	8976	345456	5216	5217	375189	1956	5290	5293	5291	5295	5296	8503	110117499	9265	27128	9266	9267	382	375	207	208	10000	2308	2309	4303	100132074	2931	2932	6198	6199	4193	23236	5330	5331	5332	5333	113026	84812	51196	5335	5336	89869	3708	3709	3710	831	823	824	826	472	7157	598	596	3101	3098	3099	80201	7416	581	54205	664	5481	837	3553	3606	7124	7132	8717	7186	7188	8737	6885	10454	23118	257397	8517	1147	3551	4792	4793	4790	5970	3576	92610	3554	929	7099	7100	7189	5580	5581	5588	10892	8915	10392	9181	8767	5599	5602	5601	3725	7335	7336	389898	7334	10616	55072	81858	10318	51619	7321	7322	7323	9978	8454	6500	8945	23291	115004	340061	4615	29110	3661	3456	7307	102724594	199746	6352	1437	5594	5595	5600	6300	5603	1432	9252	440093	3021	8351	8352	8350	3020	8290	126961	333932	653604	8353	8354	8355	8356	8357	8358	8968	11335	8678	441925	22863	30849	5289	10670	10325	64121	58528	2475	57521	84335	55054	9474	9140	440738	81631	84557	643246	392288	718	8878	10241	7311	6233	7314	7316	4735	10801	124404	55964	23157	55752	23176	989	26100	55062	25851	23048	54874	11146	114548	4671	58484	29108	834
05135	Yersinia infection	2335	3676	3678	3688	391	6714	5747	2185	1398	1399	9564	9844	63916	1793	102723407	2212	5879	5880	5881	23396	8394	8395	382	8976	10097	57180	653857	10096	10095	10552	10109	10094	10093	10092	81873	71	60	147179	7456	644150	10458	10163	5829	9815	8874	998	7454	2776	23365	9138	64283	387	6093	9475	2533	8935	114548	58484	5585	5586	6197	6195	6196	27330	4210	3984	29108	834	3606	3553	7099	4615	51135	3654	7189	7186	10454	23118	6885	8517	1147	3551	4792	4790	5970	5604	5605	5594	5595	5606	5608	5600	6300	5603	1432	6416	5609	5599	5602	5601	2353	3725	148022	29110	3661	7124	3569	3576	3456	5290	5293	5291	5295	5296	8503	110117499	207	208	10000	2932	6347	920	925	926	927	3932	7535	27040	3937	10451	7409	7410	5335	4772	4773	4775	3558	3586
05133	Pertussis	3678	3688	3684	3689	810	805	808	801	163688	51806	91860	387	1072	1073	836	840	834	29108	114548	3553	712	713	714	715	716	717	720	721	100293534	718	727	710	722	725	23643	7099	929	114609	4615	51135	3654	7189	4790	5970	353376	148022	3661	5600	6300	5603	1432	5599	5602	5601	5594	5595	2353	3725	3569	3592	3593	51561	7124	3586	3659	3394	653509	729238	2770	2773	2771	3576	6374	6372	10392	3552	4843
05134	Legionellosis	3329	718	1378	1379	3684	3689	375	5861	81876	9554	56681	51128	7415	317	54205	842	836	841	664	23786	4791	4792	4790	5970	57396	1195	10767	1915	1917	3297	3312	3303	3305	3304	3310	1937	4671	840	58484	29108	834	3606	3553	7100	7097	929	7099	4615	7124	3569	3592	3593	3576	2919	2920	2921
05150	Staphylococcus aureus infection	3857	3858	3859	3860	3861	3866	3868	3872	3875	3880	3881	3882	3883	3884	3885	3886	125115	390792	25984	147183	162605	192666	342574	54474	8687	8688	8689	353288	2266	718	629	1675	3075	4153	5648	10747	102723407	712	713	714	715	716	717	720	721	100293534	727	719	728	2209	2212	2213	9103	2214	2215	2204	2359	2358	2357	5340	3426	6404	6403	3383	3683	3684	3689	1672	1673	100289462	414325	55894	1667	1668	1669	1670	1671	728358	820	1828	3108	3109	3111	3112	3113	3115	3117	3118	3119	3122	3123	3125	3126	3127	5724	3586
05152	Tuberculosis	7124	7132	8717	8772	841	843	836	637	581	54205	842	317	207	208	10000	572	596	815	817	816	818	3458	3459	3460	3716	3717	6772	4261	5993	8625	5994	4800	4801	4802	1385	3108	3109	3111	3112	3113	3115	3117	3118	3119	3122	3123	3125	3126	3127	972	1387	2033	3586	3587	3588	1520	26253	2207	64581	6714	6850	64170	10892	8915	64127	8767	3313	3329	3929	7097	7096	10333	7099	929	114609	4615	51135	3654	3656	7189	4790	5970	5600	6300	5603	1432	5594	5595	5599	5602	5601	4843	3569	3592	3593	3606	51561	3552	3553	1051	1054	54106	3439	3440	3441	3442	3443	3444	3445	3446	3447	3448	3449	3451	3452	3456	10332	30835	23365	387	4046	1263	8844	5894	7040	7042	7043	1594	7421	820	718	1378	1379	3687	3689	3684	22925	4360	9902	8877	56848	810	805	808	801	163688	51806	91860	5289	5868	5869	5878	8411	7879	1509	10312	23545	50617	535	9114	245972	51606	537	527	533	3916	3920	5530	5532	5533	5534	5535	11151	102723407	2209	2212	2213	9103	2214	2215
05100	Bacterial invasion of epithelial cells	999	1499	29119	1495	1496	79658	4233	2549	5295	5296	8503	110117499	5290	5293	5291	1398	1399	1793	998	5879	8976	8936	10163	10097	57180	653857	10096	10095	10552	10109	10094	10093	10092	81873	71	60	1731	4735	10801	124404	55964	23157	55752	23176	867	6464	25759	53358	399694	23607	1759	26052	1785	1211	1212	1213	8218	857	858	859	2017	3059	6714	5747	9564	5829	2335	3678	3688	3611	10459	26084	391	9844	63916	79767	387	7414
05146	Amoebiasis	3553	3554	7850	4790	5970	3315	4583	1277	1278	1284	1286	1288	1282	1287	1285	2335	284217	3908	3909	3911	3910	3912	3913	3914	22798	3915	3918	10319	836	102723407	2776	2767	9630	2769	23236	5330	5331	5332	5578	5579	5582	2778	2774	107	5566	5567	5568	5868	5869	5878	7879	338382	7097	7099	929	3569	2919	2920	2921	1437	3576	7124	3592	3593	909	910	911	912	913	3458	1281	5747	7414	87	81	384	383	4843	3689	3684	5295	5296	8503	110117499	5290	5293	5291	5052	6317	6318	5269	5272	5273	5275	1511	3586	7040	7042	7043	731	732	733	735
05144	Malaria	6382	6383	4035	975	3082	4233	2532	2993	2994	2995	3039	3040	3043	54106	4615	7097	7099	3586	7040	7042	7043	3576	3569	6347	1440	3553	7124	3592	3606	3820	22914	100528032	3458	948	1378	1379	5175	7412	7057	1311	7058	7059	7060	6401	3683	3689	3383	959	958	6403
05145	Toxoplasmosis	3458	3459	3460	3716	3717	6772	4261	3108	3109	3111	3112	3113	3115	3117	3118	3119	3122	3123	3125	3126	3127	345611	4843	8651	4615	3654	51135	7189	6885	10454	23118	5594	5595	5599	5602	5601	5606	5608	5600	6300	5603	1432	1147	3551	8517	4792	4793	4790	5970	3592	3593	7124	596	598	329	330	331	79444	23643	7099	3312	3303	3305	3304	3310	7097	284217	3908	3909	3911	3910	3912	3913	3914	22798	3915	3918	10319	3655	3688	3949	7132	841	836	54205	842	2770	2773	2771	2775	5294	23533	146850	5170	207	208	10000	572	959	958	10105	1234	240	3586	3587	3588	7297	6774	7040	7042	7043
05140	Leishmaniasis	7097	7099	4615	3654	51135	7189	6885	10454	23118	4793	4792	4790	5970	3552	3553	3592	3593	7124	3565	4843	3586	7040	7042	7043	718	1378	1379	3684	3689	102723407	2209	2212	9103	2214	2215	3676	3688	5743	5579	653361	4688	4689	1536	1535	5594	5595	2002	2353	3725	5600	6300	5603	1432	3458	3459	3460	3716	3717	6772	3108	3109	3111	3112	3113	3115	3117	3118	3119	3122	3123	3125	3126	3127	65108	1915	1917	5777
05142	Chagas disease	7099	148022	7097	10333	54106	4615	3654	51135	7189	6416	5599	5602	5601	5594	5595	5600	6300	5603	1432	2353	3725	8517	1147	3551	4792	4790	5970	3456	6352	6347	7124	3592	3593	3569	3576	6348	6349	414062	3553	5519	5518	5520	5521	5522	55844	5515	5516	3458	3459	3460	7132	4843	718	811	712	713	714	3586	7040	7042	7043	1636	3827	624	2776	2767	9630	2769	23236	5330	5331	5332	2770	2773	2771	2775	2778	2774	107	5295	5296	8503	110117499	5290	5293	5291	207	208	10000	7048	7046	4087	5054	356	355	8772	841	8837	915	916	917	919	3558
05143	African trypanosomiasis	102723407	54106	4615	7064	3827	4878	335	8542	3250	3039	3040	3043	3586	3592	3593	3606	3458	7124	3553	3569	356	355	7412	6401	3383	3910	3620	169355	2150	2776	23236	5330	5331	5332	5578	5579	5582
05310	Asthma	3108	3109	3111	3112	3113	3115	3117	3118	3119	3122	3123	3125	3126	3127	3565	959	958	102723407	2205	2206	2207	3578	3586	3596	3567	6356	7124	3562	5553	6037	8288
05322	Systemic lupus erythematosus	712	713	714	717	720	721	100293534	3014	8338	85235	221613	92815	83740	3012	8335	55506	9555	723790	55766	474382	8336	8337	8969	317772	94239	3013	3015	8330	8334	8329	8331	8332	474381	115482686	8341	8345	8342	158983	255626	440689	8348	3018	8339	8340	8347	3017	8344	8346	8349	8970	85236	128312	8343	286436	114483833	54145	440093	3021	8351	8352	8350	3020	8290	126961	333932	653604	8353	8354	8355	8356	8357	8358	8968	121504	554313	8294	8360	8361	8362	8363	8364	8365	8366	8367	8368	8370	8359	8369	6628	6632	6634	2903	2904	6737	6738	6741	87	81	3108	3109	3111	3112	3113	3115	3117	3118	3119	3122	3123	3125	3126	3127	941	942	940	959	958	7124	3458	3586	102723407	715	716	718	727	729	730	731	732	733	735	1511	1991	2209	2212	2214	2215
05323	Rheumatoid arthritis	941	942	940	1493	3108	3109	3111	3112	3113	3115	3117	3118	3119	3122	3123	3125	3126	3127	3683	3689	3383	3600	8741	10673	102723407	4050	7124	3552	3553	3569	3589	3606	7097	7099	3725	2353	7040	7042	7043	51561	3605	5741	1435	8600	8792	523	525	526	245973	528	51382	90423	529	9296	101927180	9550	127124	534	8992	155066	10312	23545	50617	535	9114	245972	51606	537	527	533	1513	54	4312	4314	1514	1437	6352	6347	6348	6349	414062	6364	2919	2920	2921	6374	6372	3576	6387	7422	2321	284	7010	3458
05320	Autoimmune thyroid disease	3439	3440	3441	3442	3443	3444	3445	3446	3447	3448	3449	3451	3452	3108	3109	3111	3112	3113	3115	3117	3118	3119	3122	3123	3125	3126	3127	1493	7173	7038	941	942	940	3558	3105	3106	3107	3134	3135	3133	356	355	5551	3002	959	958	3565	3567	3586	102723407	7253	1081	7252
05321	Inflammatory bowel disease	7097	7099	7100	4790	5970	64127	3108	3109	3111	3112	3113	3115	3117	3118	3119	3122	3123	3125	3126	3127	3458	3459	3460	6772	30009	3565	3567	3592	3593	3595	3594	6775	3558	3606	8809	8807	3725	7124	3569	3552	3553	7040	7042	7043	4087	4088	6774	59067	50615	51561	149233	6097	6095	50943	3605	112744	50616	3566	3561	6778	2625	3586	3596	4094	4772
05330	Allograft rejection	3105	3106	3107	3134	3135	3133	941	942	940	3592	3593	356	355	5551	3002	3108	3109	3111	3112	3113	3115	3117	3118	3119	3122	3123	3125	3126	3127	3558	959	958	3458	7124	3565	3567	3586	102723407
05332	Graft-versus-host disease	3569	3552	3553	7124	3108	3109	3111	3112	3113	3115	3117	3118	3119	3122	3123	3125	3126	3127	941	942	940	3558	3105	3106	3107	3134	3135	3133	356	355	5551	3002	3458	3803	3802	3804	57292	3812	3811	115653	3813	3821	3824
05340	Primary immunodeficiency	100	3575	3561	3718	64421	5896	5897	915	916	5788	920	925	926	927	326	6890	6891	3932	7535	5993	5994	8625	4261	84876	102723407	3543	973	29760	695	8517	958	959	7374	57379	29851	115650	930	23495
05010	Alzheimer disease	102	6868	351	8883	322	2597	23621	25825	10313	57142	55851	5663	5664	23385	51107	83464	3416	4311	4137	4535	4536	4537	4538	4539	4540	4541	4723	4729	4731	4694	4695	4696	4697	56901	4698	4700	4701	4702	4704	4705	4706	126328	55967	51079	4707	4708	4709	4710	4711	4712	4713	4714	4715	4716	54539	4719	4720	4722	4724	4725	4726	374291	4728	4717	4718	100532726	6389	6390	6391	6392	7386	4519	1537	7384	7385	7388	440567	7381	27089	29796	10975	4514	4512	4513	84701	1327	9377	1329	1337	1339	1340	125965	1345	1346	1347	9167	1349	170712	1350	341947	1351	498	506	509	513	514	4508	515	516	517	518	10476	539	522	4509	3028	5481	7416	7417	7419	291	292	293	83447	10105	4023	348	4035	355	7132	8772	841	637	810	805	808	801	163688	51806	91860	5530	5532	5533	5534	5535	572	54205	317	842	836	1128	1131	1133	2915	2776	23236	5330	5331	5332	2902	2903	2904	2905	2906	775	776	778	779	1139	89832	90550	5594	5595	6263	3708	3709	3710	487	489	488	22926	7494	1649	2081	9451	7186	4217	5609	5599	5602	5601	1965	468	5687	5683	5685	5688	143471	5686	5682	5684	5694	5695	5691	5690	5693	5689	5692	5701	5700	5704	5706	5702	5705	5708	5707	5709	5715	5718	5717	9861	5713	5719	5710	10213	5714	11047	7979	100506742	4842	823	824	8851	29986	29985	27173	55630	283375	25800	7922	64116	55334	57181	201266	221074	91252	23516	4891	1020	2932	840	22943	27123	27121	7471	7472	7482	7473	89780	54361	7474	81029	7475	7476	7477	7478	7479	7483	7484	7480	80326	7481	51384	8321	8324	2535	7976	8322	7855	8325	8323	11211	8326	4041	4040	1454	102800317	1857	1856	1855	10023	23401	1457	1459	283106	1460	8312	8313	324	10297	1499	122011	1452	3798	3799	3800	147700	3831	64837	89953	10376	7277	7278	7846	84790	51807	112714	113457	79861	84617	203068	81027	7280	10381	10382	347688	347733	10383	260334	177	3265	3845	4893	369	673	5894	5604	5605	27035	1536	50507	5970	4790	4843	5743	7124	3569	3552	3553	1435	6622	5610	1147	3551	8517	3630	3643	3667	8660	8471	5295	5296	8503	110117499	5290	5293	5291	207	208	10000	2475	8408	9706	60673	9776	9821	55626	8678	441925	30849	22863	29982	5289	23130	55102	26100	55062
05012	Parkinson disease	135	2774	2778	1813	2770	2773	2771	111	5566	5567	5568	1812	7317	7318	7311	6233	7314	7316	7332	9246	118424	51465	7327	7326	5071	6622	2861	5413	9627	5687	5683	5685	5688	143471	5686	5682	5684	5694	5695	5691	5690	5693	5689	5692	5701	5700	5704	5706	5702	5705	5708	5707	5709	5715	5718	5717	9861	5713	5719	5710	10213	5714	11047	7979	7345	810	805	808	801	163688	51806	91860	815	817	816	818	4137	6263	3708	3709	3710	5335	3309	22926	1649	2081	7494	9451	1965	468	7054	4129	4128	6531	6570	6571	4891	29986	29985	27173	55630	283375	25800	7922	64116	55334	57181	201266	221074	91252	23516	4535	4536	4537	4538	4539	4540	4541	4723	4729	4731	4694	4695	4696	4697	56901	4698	4700	4701	4702	4704	4705	4706	126328	55967	51079	4707	4708	4709	4710	4711	4712	4713	4714	4715	4716	54539	4719	4720	4722	4724	4725	4726	374291	4728	4717	4718	100532726	6389	6390	6391	6392	7386	4519	1537	7384	7385	7388	440567	7381	27089	29796	10975	4514	4512	4513	84701	1327	9377	1329	1337	1339	1340	125965	1345	1346	1347	9167	1349	170712	1350	341947	1351	498	506	509	513	514	4508	515	516	517	518	10476	539	522	4509	65018	90550	120892	27429	10131	7416	7417	7419	291	292	293	83447	10105	54205	317	842	836	11315	598	581	55669	9927	3798	3799	3800	147700	3831	64837	89953	10376	7277	7278	7846	84790	51807	112714	113457	79861	84617	203068	81027	7280	10381	10382	347688	347733	10383	260334	7157	1843	4780	7295	25828	1616	4217	5599	5602	5601	6647	9817
05014	Amyotrophic lateral sclerosis	7157	834	637	596	598	581	572	317	54205	842	836	6647	4535	4536	4537	4538	4539	4540	4541	4723	4729	4731	4694	4695	4696	4697	56901	4698	4700	4701	4702	4704	4705	4706	126328	55967	51079	4707	4708	4709	4710	4711	4712	4713	4714	4715	4716	54539	4719	4720	4722	4724	4725	4726	374291	4728	4717	4718	100532726	6389	6390	6391	6392	7386	4519	1537	7384	7385	7388	440567	7381	27089	29796	10975	4514	4512	4513	84701	1327	9377	1329	1337	1339	1340	125965	1345	1346	1347	9167	1349	170712	1350	341947	1351	498	506	509	513	514	4508	515	516	517	518	10476	539	522	4509	7416	10452	84134	90550	65018	5071	10133	8878	440738	81631	84557	643246	392288	29110	10010	55255	140775	203228	4218	116442	5861	2475	8408	9706	60673	9776	9821	55626	8678	441925	30849	22863	29982	5289	23130	55102	26100	55062	57679	5868	5879	25978	9896	80208	5530	5532	5533	5534	5535	29979	29978	50613	56893	7415	79139	5687	5683	5685	5688	143471	5686	5682	5684	5694	5695	5691	5690	5693	5689	5692	5701	5700	5704	5706	5702	5705	5708	5707	5709	5715	5718	5717	9861	5713	5719	5710	10213	5714	11047	7979	10013	23435	2521	220988	3178	144983	642659	3181	11273	6311	9782	283	4686	10189	6428	6432	10482	56001	728343	56000	29107	55916	2733	7175	10762	9972	4928	8480	6396	81929	55746	57122	79023	23279	79902	348995	23636	9818	53371	9688	23165	23511	9631	129401	23225	91181	55706	100101267	9883	94026	8021	4927	5903	23064	400916	3309	9217	22926	1649	2081	7494	7186	4217	100506742	9451	1965	468	3710	10280	7124	7132	7133	1616	5606	5608	5600	6300	5603	1432	4842	9973	257202	2882	2877	2878	2876	2880	493869	847	5630	4747	4741	4744	345456	5216	5217	375189	71	60	310	311	3798	3799	3800	147700	3831	64837	89953	10376	7277	7278	7846	84790	51807	112714	113457	79861	84617	203068	81027	7280	10381	10382	347688	347733	10383	260334	1639	10540	11258	51164	84516	10671	10121	10120	55860	9001	25981	55567	146754	56171	1767	1768	1770	8701	201625	127602	1769	196385	8632	7802	27019	64446	83544	10126	6506	4843	2890	2891	2902	2903	2904	2905	2906	3084	9542	10718	145957	2066
05016	Huntington disease	1211	1212	1213	8218	3092	161	160	163	1173	1175	3064	1639	10540	11258	51164	84516	10671	10121	10120	55860	9001	25981	55567	146754	56171	1767	1768	1770	8701	201625	127602	1769	196385	8632	7802	27019	64446	83544	10126	10376	7277	7278	7846	84790	51807	112714	113457	79861	84617	203068	81027	7280	10381	10382	347688	347733	10383	260334	5599	5602	5601	3798	3799	3800	147700	3831	64837	89953	55081	841	836	2915	2776	23236	5330	5331	5332	6804	774	2902	2904	3708	1742	2890	2891	2892	2893	7052	6507	6506	3766	5978	25942	23186	3065	3066	5430	5431	5432	5433	5434	5435	5436	5437	5438	5441	5439	548644	246721	5440	627	1387	2033	6875	6874	387332	9519	6908	6667	1385	10488	90993	64764	84699	148327	9586	10891	5468	7019	4899	6647	6648	257202	2882	2877	2878	2876	2880	493869	7350	7157	581	27113	4535	4536	4537	4538	4539	4540	4541	4723	4729	4731	4694	4695	4696	4697	56901	4698	4700	4701	4702	4704	4705	4706	126328	55967	51079	4707	4708	4709	4710	4711	4712	4713	4714	4715	4716	54539	4719	4720	4722	4724	4725	4726	374291	4728	4717	4718	100532726	6389	6390	6391	6392	7386	4519	1537	7384	7385	7388	440567	7381	27089	29796	10975	4514	4512	4513	84701	1327	9377	1329	1337	1339	1340	125965	1345	1346	1347	9167	1349	170712	1350	341947	1351	498	506	509	513	514	4508	515	516	517	518	10476	539	522	4509	7416	7417	7419	291	292	293	83447	10105	54205	317	842	5687	5683	5685	5688	143471	5686	5682	5684	5694	5695	5691	5690	5693	5689	5692	5701	5700	5704	5706	5702	5705	5708	5707	5709	5715	5718	5717	9861	5713	5719	5710	10213	5714	11047	7979	4294	2081	7186	4217	5609	2475	8408	9706	60673	9776	9821	55626	8678	441925	30849	22863	29982	5289	23130	55102	26100	55062
05017	Spinocerebellar ataxia	7222	2911	2776	23236	5330	5331	5332	5578	5579	5582	2890	2891	2892	773	3708	3709	3710	11273	6311	4287	92552	6261	5173	2902	2903	2904	2905	2906	116443	116444	90550	7416	7417	7419	291	292	293	83447	10105	54205	10939	115209	4976	2259	6712	5687	5683	5685	5688	143471	5686	5682	5684	5694	5695	5691	5690	5693	5689	5692	5701	5700	5704	5706	5702	5705	5708	5707	5709	5715	5718	5717	9861	5713	5719	5710	10213	5714	11047	7979	2081	7186	4217	5599	5602	5601	342371	6310	10524	6095	487	489	488	6511	23152	23369	9698	387332	9519	6908	11317	3516	6667	2959	4800	7494	4654	2475	8408	9706	60673	9776	9821	55626	8678	441925	30849	22863	29982	5289	23130	55102	26100	55062	3748	3752	5649	7436	1600	5290	5293	5291	5295	5296	8503	110117499	207	208	10000	56652	6315	25814	146227	10528
05020	Prion disease	5621	4684	4685	3915	6647	10963	5566	5567	5568	581	2534	2902	2903	2904	2905	2906	116443	116444	774	775	776	778	779	3309	9451	1965	468	1649	6261	6262	6263	3708	3709	3710	100506742	5530	5532	5533	5534	5535	572	7416	7417	7419	291	292	293	83447	10105	317	54205	842	836	90550	4535	4536	4537	4538	4539	4540	4541	4723	4729	4731	4694	4695	4696	4697	56901	4698	4700	4701	4702	4704	4705	4706	126328	55967	51079	4707	4708	4709	4710	4711	4712	4713	4714	4715	4716	54539	4719	4720	4722	4724	4725	4726	374291	4728	4717	4718	100532726	6389	6390	6391	6392	7386	4519	1537	7384	7385	7388	440567	7381	27089	29796	10975	4514	4512	4513	84701	1327	9377	1329	1337	1339	1340	125965	1345	1346	1347	9167	1349	170712	1350	341947	1351	498	506	509	513	514	4508	515	516	517	518	10476	539	522	4509	5687	5683	5685	5688	143471	5686	5682	5684	5694	5695	5691	5690	5693	5689	5692	5701	5700	5704	5706	5702	5705	5708	5707	5709	5715	5718	5717	9861	5713	5719	5710	10213	5714	11047	7979	727	729	730	731	732	733	735	712	713	714	3312	3303	3305	3304	3310	4851	857	858	859	5290	5293	5291	5295	5296	8503	110117499	5580	1536	1535	4689	653361	4688	5879	5880	5600	6300	5603	1432	5599	5602	5601	5594	5595	1385	1386	10488	90993	64764	84699	148327	9586	1388	1958	6352	3552	3553	3569	7124	2932	1457	1459	283106	1460	3798	3799	3800	147700	3831	64837	89953	10376	7277	7278	7846	84790	51807	112714	113457	79861	84617	203068	81027	7280	10381	10382	347688	347733	10383	260334
05022	Pathways of neurodegeneration - multiple diseases	351	4137	6622	23435	2521	6647	11273	6311	3064	342371	6310	4287	92552	5621	1128	1131	1133	6712	2911	2915	2776	5071	23236	5330	5331	5332	5335	5578	5579	5582	7222	10280	3708	3709	3710	6261	6262	6263	5173	1742	2902	2903	2904	2905	2906	2890	2891	2892	2893	774	775	776	778	779	6804	1139	89832	487	489	488	5663	5664	79139	7415	7311	6233	7314	7316	5687	5683	5685	5688	143471	5686	5682	5684	5694	5695	5691	5690	5693	5689	5692	5701	5700	5704	5706	5702	5705	5708	5707	5709	5715	5718	5717	9861	5713	5719	5710	10213	5714	11047	7979	7345	7317	7318	7332	9246	118424	51465	7327	7326	2861	5413	9627	3309	9217	22926	1649	7494	2081	7186	4217	5609	5599	5602	5601	100506742	4294	9451	1965	468	6531	65018	4535	4536	4537	4538	4539	4540	4541	4723	4729	4731	4694	4695	4696	4697	56901	4698	4700	4701	4702	4704	4705	4706	126328	55967	51079	4707	4708	4709	4710	4711	4712	4713	4714	4715	4716	54539	4719	4720	4722	4724	4725	4726	374291	4728	4717	4718	100532726	6389	6390	6391	6392	7386	4519	1537	7384	7385	7388	440567	7381	27089	29796	10975	4514	4512	4513	84701	1327	9377	1329	1337	1339	1340	125965	1345	1346	1347	9167	1349	170712	1350	341947	1351	498	506	509	513	514	4508	515	516	517	518	10476	539	522	4509	596	7416	10452	84134	90550	810	805	808	801	163688	51806	91860	5530	5532	5533	5534	5535	572	356	355	8772	841	637	581	578	120892	27429	10131	7417	7419	291	292	293	83447	10105	54205	317	842	836	3092	55081	3028	5481	11315	598	55669	9927	10133	8878	440738	81631	84557	643246	392288	29110	10010	55255	140775	203228	4218	116442	5861	2475	8408	9706	60673	9776	9821	55626	8678	441925	30849	22863	29982	5289	23130	55102	26100	55062	53349	57679	5868	5879	25978	9896	80208	7124	7132	7133	1616	5606	5608	5600	6300	5603	1432	4842	9973	257202	2882	2877	2878	2876	2880	493869	847	5630	4747	4741	4744	3798	3799	3800	147700	3831	64837	89953	10376	7277	7278	7846	84790	51807	112714	113457	79861	84617	203068	81027	7280	10381	10382	347688	347733	10383	260334	2932	1457	1459	283106	1460	627	1639	10540	11258	51164	84516	10671	10121	10120	55860	9001	25981	55567	146754	56171	1767	1768	1770	8701	201625	127602	1769	196385	8632	7802	27019	64446	83544	10126	815	817	816	818	823	824	8851	1020	840	22943	27123	27121	7471	7472	7482	7473	89780	54361	7474	81029	7475	7476	7477	7478	7479	7483	7484	7480	80326	7481	51384	8321	8324	2535	7976	8322	7855	8325	8323	11211	8326	4041	4040	1454	102800317	1857	1856	1855	10023	23401	8312	8313	324	10297	1499	122011	1452	177	3265	3845	4893	369	673	5894	5604	5605	5594	5595	27035	1536	50507	5970	4790	4843	5743	3569	3552	3553	1435
05030	Cocaine addiction	7054	1644	6570	6571	4129	4128	6531	1812	2778	2912	2913	2770	2773	2771	1813	111	5566	5567	5568	26086	8787	1385	1386	468	10488	90993	64764	84699	148327	9586	1388	5173	627	3725	2354	4790	5970	1020	8851	2902	2903	2904	2905	2906	116443	116444	1742	84152	2891
05031	Amphetamine addiction	7054	1644	6570	6571	4129	4128	6531	775	776	2902	2903	2904	2905	2906	116443	116444	2890	2891	2892	2893	1812	5578	5579	5582	6804	815	817	816	818	810	805	808	801	163688	51806	91860	814	2778	111	5566	5567	5568	84152	5499	5500	5501	1385	1386	468	10488	90993	64764	84699	148327	9586	1388	5173	23237	2353	5530	5532	5533	5534	5535	3725	2354	23411	3065	3066
05032	Morphine addiction	4988	1812	107	108	109	196883	111	112	113	114	115	140679	3760	3763	3765	3762	773	774	2554	2555	2556	2557	2558	2559	2560	2562	2561	2565	2566	2567	2563	2564	55879	2568	2569	2570	200959	2550	9568	2770	2773	2771	2775	2782	2783	2784	59345	10681	54331	2785	2786	2787	2788	94235	2790	2791	55970	51764	2792	2793	2778	156	157	2868	2869	2870	408	409	5578	5579	5582	5566	5567	5568	5136	5153	5137	5138	5139	5140	5141	5142	5143	5144	5150	27115	8622	5151	10846	50940	134
05033	Nicotine addiction	140679	8973	773	774	1137	1141	2554	2555	2556	2557	2558	2559	2560	2562	2561	2565	2566	2567	2563	2564	55879	2568	2569	2570	200959	57084	246213	57030	1139	89832	2902	2903	2904	2905	2906	116443	116444	2890	2891	2892	2893
05034	Alcoholism	7054	1644	6570	6571	4129	4128	6531	2902	2903	2904	2905	2906	116443	116444	3065	3066	8841	9759	10014	10013	51564	55869	9734	83933	79885	3014	8338	85235	221613	92815	83740	3012	8335	55506	9555	723790	55766	474382	8336	8337	8969	317772	94239	3013	3015	8330	8334	8329	8331	8332	474381	115482686	8341	8345	8342	158983	255626	440689	8348	3018	8339	8340	8347	3017	8344	8346	8349	8970	85236	128312	8343	286436	114483833	54145	440093	3021	8351	8352	8350	3020	8290	126961	333932	653604	8353	8354	8355	8356	8357	8358	8968	121504	554313	8294	8360	8361	8362	8363	8364	8365	8366	8367	8368	8370	8359	8369	8520	1812	2778	1813	2770	2773	2771	2775	2782	2783	2784	59345	10681	54331	2785	2786	2787	2788	94235	2790	2791	55970	51764	2792	2793	55315	2030	3177	135	136	111	5566	5567	5568	1385	1386	468	10488	90993	64764	84699	148327	9586	1388	1392	4852	627	4915	6464	25759	53358	399694	2885	6654	6655	3265	3845	4893	369	673	5894	5604	5594	5595	5173	810	805	808	801	163688	51806	91860	84254	10645	814	2354	84152	5499	5500	5501	5569
05417	Lipid and atherosclerosis	338	337	335	3949	4973	9138	4312	387	9475	4846	5290	5293	5291	5295	5296	8503	110117499	207	208	10000	581	572	598	596	5599	5602	5601	6648	5578	5451	5452	25833	958	959	1543	1548	1549	1555	1558	1559	1573	177	27035	1536	653361	1535	4688	4689	5879	6714	3717	6774	998	6416	5609	2353	3725	6347	3383	3576	5606	5608	5600	6300	5603	1432	3265	3845	4893	5594	5595	5970	4790	6401	6403	7412	4314	4318	355	3553	3569	7124	3329	3312	3303	3305	3304	3310	3306	3308	3320	3326	7184	7097	3929	929	23643	7099	114609	4615	51135	3654	7189	10454	23118	6885	1147	3551	8517	4792	353376	148022	7187	57534	142678	10010	9641	29110	3665	3661	3439	3440	3441	3442	3443	3444	3445	3446	3447	3448	3449	3451	3452	3456	948	5468	6256	6257	6258	4067	5747	10451	7409	7410	10333	5906	5908	6352	6348	6349	414062	2919	2920	2921	3592	3593	114548	3606	3309	22926	1649	30001	3708	815	817	816	818	9451	1965	468	2081	7186	4217	7494	19	9619	4780	29108	834	7436	5170	2932	4772	4773	4775	23236	5330	5331	5332	5335	810	805	808	801	163688	51806	91860	5530	5532	5533	5534	5535	8743	8797	8795	7132	356	841	637	54205	317	842	839	836	840	7157
05418	Fluid shear stress and atherosclerosis	3320	3326	7184	4846	857	858	859	810	805	808	801	163688	51806	91860	2817	6382	6383	6385	59341	9817	4780	3162	221357	2939	2941	119391	2948	2953	2952	2947	4257	4259	2944	2949	4258	2938	2946	2940	9446	653689	25774	2950	1728	8878	7295	25828	4880	445	7056	5327	1003	3791	1499	5562	5563	5175	5290	5293	5291	5295	5296	8503	110117499	207	208	10000	5607	5598	4205	4208	10365	3674	3685	3690	6714	5747	9181	387	71	60	1843	406902	7132	3554	7850	6885	8517	1147	3551	4790	5970	4217	6416	5609	5599	5602	5601	5608	5600	6300	5603	1432	2353	3725	4313	4318	1514	6347	7412	3383	6401	7124	3552	3553	3458	5154	5155	1906	7422	652	659	92	93	90	657	658	27035	1535	653361	4688	5879	5880	5881	5590	51588	7157	6612	6613	7341	387082	596
05410	Hypertrophic cardiomyopathy	3672	3673	3674	3675	3676	3678	3655	3679	8516	3680	8515	22801	3685	3688	3690	3691	3693	3694	3695	3696	8082	6442	6443	6445	6444	8910	137868	284217	3908	1605	859	4842	6640	6645	6641	1837	1674	1756	71	60	7273	7139	7134	7137	70	7168	7169	7170	7171	4607	4634	4633	4625	4624	2010	4000	775	776	778	779	782	783	784	785	781	9254	55799	93589	786	10369	10368	27092	27091	59285	59284	59283	6262	487	489	488	5562	5563	5564	5565	5571	53632	51422	1636	3479	7040	7042	7043	7124	3569	1906	183	6546	6543	6547
05412	Arrhythmogenic right ventricular cardiomyopathy	3672	3673	3674	3675	3676	3678	3655	3679	8516	3680	8515	22801	3685	3688	3690	3691	3693	3694	3695	3696	8082	6442	6443	6445	6444	8910	137868	284217	3908	1605	859	4842	6640	6645	6641	1837	1756	1674	71	60	2010	4000	1499	6932	83439	6934	51176	775	776	778	779	782	783	784	785	781	9254	55799	93589	786	10369	10368	27092	27091	59285	59284	59283	6262	487	489	488	6546	6543	6547	1000	3728	29119	1495	1496	89	88	1824	5318	1832	1829	2697
05414	Dilated cardiomyopathy	3672	3673	3674	3675	3676	3678	3655	3679	8516	3680	8515	22801	3685	3688	3690	3691	3693	3694	3695	3696	8082	6442	6443	6445	6444	8910	137868	284217	3908	1605	859	4842	6640	6645	6641	1837	1756	1674	71	60	7273	7139	7134	7137	70	7168	7169	7170	7171	4607	4634	4633	4625	4624	2010	4000	102723407	153	2778	107	108	109	196883	111	112	113	114	115	5566	5567	5568	775	776	778	779	782	783	784	785	781	9254	55799	93589	786	10369	10368	27092	27091	59285	59284	59283	6262	487	489	488	5350	6546	6543	6547	3479	7040	7042	7043	7124	183
05415	Diabetic cardiomyopathy	6513	6517	9945	2673	815	817	816	818	7137	6262	5350	487	489	488	6667	183	5972	1215	5579	177	1536	653361	1535	4688	4689	5879	5880	185	4790	5970	5600	6300	5603	1432	5599	5602	5601	4313	4318	1277	1278	1281	7040	7042	7043	948	5465	1375	5164	5165	5166	5578	5580	5524	5499	5500	5501	1509	5590	1376	3630	3643	3667	5290	5293	5291	5295	5296	8503	110117499	5728	207	208	10000	2475	2932	2998	2997	9882	347411	51660	25874	5161	5160	5162	4535	4536	4537	4538	4539	4540	4541	4723	4729	4731	4694	4695	4696	4697	56901	4698	4700	4701	4702	4704	4705	4706	126328	55967	51079	4707	4708	4709	4710	4711	4712	4713	4714	4715	4716	54539	4719	4720	4722	4724	4725	4726	374291	4728	4717	4718	100532726	6389	6390	6391	6392	7386	4519	1537	7384	7385	7388	440567	7381	27089	29796	10975	4514	4512	4513	84701	1327	9377	1329	1337	1339	1340	125965	1345	1346	1347	9167	1349	170712	1350	341947	1351	498	506	509	513	514	4508	515	516	517	518	10476	539	522	4509	7416	7417	7419	291	292	293	83447	10105	5582	4846	2597	142	2539	2936	7046	7048	4087	4088	23236	5330	5331	5332	1636
05416	Viral myocarditis	1525	1604	2534	857	25	27	5879	5880	5881	8082	6442	6443	6445	6444	8910	137868	284217	3908	1605	859	4842	6640	6645	6641	1837	1756	71	60	8672	1981	1982	595	841	637	54205	842	836	4625	4624	959	958	3108	3109	3111	3112	3113	3115	3117	3118	3119	3122	3123	3125	3126	3127	3105	3106	3107	3134	3135	3133	941	942	940	5551	3683	3689	3383	102723407
04930	Type II diabetes mellitus	3630	3643	3667	8660	8471	5295	5296	8503	110117499	5290	5293	5291	6517	9370	5594	5595	2475	5590	8651	8835	9021	122809	3551	5599	5602	5601	7124	5580	5581	3651	389692	6514	3101	3098	3099	80201	2645	5315	5313	3767	6833	775	776	773	774	777	8913
04940	Type I diabetes mellitus	3630	2571	2572	5798	5799	1363	3329	3382	3108	3109	3111	3112	3113	3115	3117	3118	3119	3122	3123	3125	3126	3127	941	942	940	3592	3593	3558	3458	3105	3106	3107	3134	3135	3133	356	355	5551	3002	4049	7124	3552	3553
04950	Maturity onset diabetes of the young	3087	3110	3175	3651	2494	50674	4821	4825	5080	5078	4760	222546	3280	6928	3170	389692	3172	6927	3174	3171	5313	6514	3630	3375	2645	168620
04936	Alcoholic liver disease	712	713	714	717	720	721	100293534	718	719	727	728	3929	929	23643	7099	114609	4615	51135	3654	7189	10454	23118	6885	1147	3551	8517	4792	5970	4790	7124	3553	3569	3592	3593	3576	148022	7187	9641	29110	3661	3439	3440	3441	3442	3443	3444	3445	3446	3447	3448	3449	3451	3452	3456	3605	23765	84818	2919	2920	2921	356	355	8772	7132	8717	841	836	8737	257397	6720	2194	31	6319	79966	23175	64900	9663	406999	23411	29896	6434	9370	51094	79602	10645	5562	5563	5564	5565	5571	53632	51422	2308	2309	10891	5465	1374	37	34	8310	51	2168	124	125	126	131	127	128	130	217	224	219	501	223	1571	32	23417	1375	126129	50507	207	208	10000	2932	1499	6932	83439	6934	51176	595	4217	6416	5609	5599	5602	5601	5606	5608	5600	6300	5603	1432	9020
04932	Non-alcoholic fatty liver disease	3569	3570	9021	7124	7132	4790	5970	3630	3643	3667	8660	5290	5293	5291	5295	5296	8503	110117499	207	208	10000	2931	2932	10062	6256	6720	6945	22877	51085	5313	3952	3953	9370	51094	79602	5562	5563	5564	5565	5571	53632	51422	5600	6300	5603	1432	5465	5468	998	5879	4296	5599	5602	5601	83737	2081	7186	4217	2353	3725	3552	3553	3551	7494	1050	1571	356	3576	7040	9451	1965	468	1649	10018	581	355	841	637	54205	836	840	4723	4729	4731	4694	4695	4696	4697	56901	4698	4700	4701	4702	4704	4705	4706	126328	55967	51079	4707	4708	4709	4710	4711	4712	4713	4714	4715	4716	54539	4719	4720	4722	4724	4725	4726	374291	4728	4717	4718	100532726	6389	6390	6391	6392	7386	4519	1537	7384	7385	7388	440567	7381	27089	29796	10975	4514	4512	4513	84701	1327	9377	1329	1337	1339	1340	125965	1345	1346	1347	9167	1349	170712	1350	341947	1351
04931	Insulin resistance	3630	6197	6195	6196	27330	5499	5500	5501	5506	5507	5509	79660	90673	3643	3667	5770	5781	5792	5290	5293	5291	5295	5296	8503	110117499	207	208	10000	2475	6198	6199	5579	3569	6774	9021	2932	2998	2997	7124	7132	5599	5602	5601	3551	4792	4790	5970	4846	5590	9882	6517	5562	5563	5564	5565	5571	53632	51422	32	1375	183	376497	10999	11001	11000	10998	28965	948	5588	5580	5524	6720	8660	57761	5836	5837	5834	2308	5105	5106	2538	57818	92579	6514	10062	7376	133522	6945	22877	51085	1374	5581	10891	5465	5170	5728	10724	8473	6513	9945	2673	200186	1385	10488	90993	64764	84699	148327	9586
04933	AGE-RAGE signaling pathway in diabetic complications	7042	7043	7040	7046	7048	4087	4088	4089	1027	2335	1277	1278	1281	1284	1286	1288	1282	1287	1285	183	185	177	27035	1536	50507	5333	113026	84812	23236	5330	5331	5332	5335	5336	51196	5578	5579	5580	5581	5590	5594	5595	3725	7422	7423	7424	2277	6347	5054	6401	7412	3383	4313	3552	3553	3569	3576	7124	2152	1906	7056	5600	6300	5603	1432	5970	4790	5599	5602	5601	1729	5879	998	3265	3845	4893	5290	5293	5291	5295	5296	8503	110117499	207	208	10000	4846	2308	596	581	836	3717	6774	5292	4772	6772	6776	6777	595	1019	1958
04934	Cushing syndrome	1392	1394	1395	2778	107	108	109	196883	111	112	113	114	115	5566	5567	5568	1385	1386	468	10488	90993	64764	84699	148327	9586	1388	4221	9070	5929	11091	54554	4297	8085	1031	1030	1029	1019	1021	595	5925	1869	1870	1871	51655	2770	2773	2771	196	23746	9049	405	1027	1017	898	9134	1026	775	776	778	779	815	817	816	818	5906	5908	673	5604	5605	5594	5595	3164	1956	9101	5443	4158	56246	8622	5151	50940	2516	6667	5087	1584	1586	6770	57552	79798	183	185	2776	2767	23236	5330	5331	5332	3708	3709	3710	3776	8913	8912	8911	84876	3739	3777	3949	949	1583	3283	3284	1589	2271	7471	7472	7482	7473	89780	54361	7474	81029	7475	7476	7477	7478	7479	7483	7484	7480	80326	7481	51384	8321	8324	2535	7976	8322	7855	8325	8323	11211	8326	1857	1856	1855	2932	8312	8313	1499	324	10297	6932	83439	6934	51176
01501	beta-Lactam resistance01502	Vancomycin resistance01503	Cationic antimicrobial peptide (CAMP) resistance01521	EGFR tyrosine kinase inhibitor resistance	1950	7039	1956	2064	3084	9542	2065	3082	4233	3479	3480	7422	3791	5154	5155	56034	80310	5156	5159	2247	2263	2261	2621	558	3569	3570	3716	3717	6774	6714	2549	5290	5293	5291	5295	5296	8503	110117499	5728	207	208	10000	2475	6198	6199	6194	1978	1977	9470	253314	572	2932	2309	10018	5335	5336	5578	5579	5582	6464	25759	53358	399694	2885	6654	6655	3265	3845	4893	369	673	5894	5604	5605	5594	5595	4763	581	598	596
01524	Platinum drug resistance	1317	540	538	221357	2939	2941	119391	2948	2953	2952	2947	4257	4259	2944	2949	4258	2938	2946	2940	9446	653689	25774	2950	1244	5429	5980	4436	4437	2956	4292	7507	2067	7155	7153	672	472	7157	1029	4193	355	581	578	5366	27113	356	8772	841	836	637	329	330	331	332	2064	5290	5293	5291	5295	5296	8503	110117499	5170	207	208	10000	1026	4217	5594	5595	572	598	596	54205	317	842
01523	Antifolate resistance	2348	2350	2352	6573	113235	2356	8836	7298	1719	200895	6472	6470	4524	239	2618	471	1147	3551	8517	4790	5970	7124	3553	3569	4363	1244	8714	10257	10057	9429
01522	Endocrine resistance	1565	1564	107987479	8647	2099	2100	8202	5469	10498	2353	3725	6667	9611	2852	2778	6714	4313	4318	1839	107	108	109	196883	111	112	113	114	115	5566	5567	5568	1956	2064	3479	3480	6464	25759	53358	399694	2885	6654	6655	3265	3845	4893	369	673	5894	5604	5605	5594	5595	5290	5293	5291	5295	5296	8503	110117499	207	208	10000	2475	6198	6199	5747	5600	6300	5603	1432	5599	5602	5601	596	581	572	638	182	3714	10683	28514	54567	4851	4853	4854	4855	595	1019	5925	1869	1870	1871	4193	7157	1029	1031	1026	1027
01000	Enzymes01001	Protein kinases	5566	5567	5568	5613	5592	5593	5578	5579	5582	5580	5581	5583	5588	5590	5584	5585	5586	29941	6790	9212	6795	5170	207	208	10000	6446	10110	23678	100533105	6197	6195	6196	27330	8986	9252	6198	6199	26750	83694	11329	23012	26524	9113	22983	23031	23139	375449	84930	202374	282974	55351	1760	6093	9475	8476	9578	55561	11113	131890	6011	156	157	2868	2869	2870	124923	57118	57172	8536	814	139728	79012	815	817	816	818	84446	9024	1111	30811	2011	4139	4140	57787	9833	167359	81788	9891	23178	5562	5563	102724428	150094	23235	23387	54861	6794	1612	1613	23604	9262	9263	166614	9201	85443	9261	7867	8550	8569	2872	4638	85366	91807	340156	7273	5260	5261	5292	11040	415116	5587	23683	25865	5681	85481	11200	10290	7204	8997	84033	81629	83942	83983	23617	283629	8573	10221	28951	57761	65975	83931	122011	1452	1455	1456	53944	1453	1454	102800317	146057	84630	51231	7443	7444	23552	728642	984	983	1017	1018	1019	1020	1021	1022	1024	23097	1025	8558	51755	8621	5218	65061	5127	5128	5129	5594	5595	5596	5597	5598	225689	5599	5602	5601	5600	6300	5603	1432	51701	2931	2932	57396	1195	1196	1198	344387	51265	6792	8814	8999	1859	9149	8445	8444	8798	10114	204851	28996	147746	8899	22858	4117	5891	6732	6733	26576	5604	5605	5606	6416	5607	5608	5609	11184	5871	8491	9448	11183	50488	23043	203447	140469	53904	9943	27347	5058	5062	5063	10298	57144	56924	106821730	9748	6793	92335	55437	6788	6789	8428	10494	51765	9344	51347	57551	4214	10746	4215	4216	4217	9064	389840	80122	1326	9020	3654	3656	11213	51135	3984	3985	7016	10420	79705	120892	6885	4293	4294	4296	84451	51776	7786	9175	100526835	51086	3611	369	673	5894	8844	283455	8737	8767	11035	54101	255239	197259	4881	4882	2984	3000	2986	699	701	112858	84254	10645	8317	1457	1459	283106	83903	1147	3551	8517	9641	29110	2081	10595	4342	22848	55589	2580	8576	341676	4750	6787	4751	4752	10783	140609	284086	91754	152110	79858	388228	646643	100130827	65018	157285	79834	140901	149420	56155	29959	340371	27102	5610	9451	440275	5347	10769	1263	10733	57410	55681	57147	54899	93627	11011	9874	55872	7272	27148	8408	9706	25989	54986	30849	9088	7465	494551	65125	65266	65267	65268	203054	56997	57143	79934	90956	115701	57538	80216	140803	54822	29904	613	6046	8019	23476	676	10922	8859	26353	5163	5164	5165	5166	10295	472	545	2475	5591	23049	8295	83732	55781	8780	6872	138474	4261	8805	10155	51592	127933	9730	56164	84197	25778	169436	90	94	91	130399	657	658	7046	92	93	269	659	7048	1956	2064	2065	2066	3645	3643	3480	5156	5159	1436	3815	2322	2260	2263	2261	2264	2321	2324	3791	4233	4486	4914	4915	4916	2041	1969	2042	2043	2044	285220	2045	2046	284656	2047	2048	2049	2050	2051	558	7301	10461	238	4058	7075	7010	4919	4920	780	4921	5979	6098	5754	6259	4593	9625	22853	114783	25	27	8711	10188	1445	4145	5747	2185	2242	2241	3716	3717	3718	7297	640	2268	2444	2534	3055	4067	3932	5753	6714	6725	7525	660	695	3702	7006	7294	6850	7535	55359	91461
01009	Protein phosphatases and associated proteins	5499	5500	5501	5502	84152	151242	5504	153743	80316	5506	5507	5509	79660	90673	89801	5510	5511	55607	84687	5514	6992	4659	4660	54776	7159	23368	94274	26472	81706	54866	23645	84919	84988	26051	10842	170954	8725	83987	129285	54927	84303	114788	64478	114784	64794	9858	116729	392617	114794	55105	55668	54768	220004	57221	9665	221908	145376	284352	63898	57630	153769	344558	287015	84240	286187	8165	11215	10142	324	10297	6790	9212	8312	596	599	598	672	55259	57082	842	835	1740	1741	10421	995	1062	55125	1186	163882	23243	9666	8894	22936	80237	8178	9372	9765	51100	5747	64651	80034	81566	2241	10160	23307	10714	7533	7532	2835	389207	3054	10013	10320	22807	22806	64375	64376	3674	3708	3710	23382	10768	191	5927	8242	8284	10765	3742	54207	22853	6125	9625	114783	4130	4131	55201	4176	2911	2916	2917	2918	4288	10199	283446	4430	4542	4640	4641	4642	4643	64005	23026	9611	4751	4747	157922	23271	57662	6548	6558	64434	100506658	23596	5001	56288	63935	5213	5214	5211	116154	221692	9749	65979	57661	9088	5610	338661	80243	5334	27328	5097	5099	64881	5101	83259	6421	5925	9821	64062	157313	23504	23322	8568	23076	6261	26278	338699	51729	6598	57709	124044	9825	90853	161742	200734	399473	84654	10772	27067	6780	54843	84958	94120	94121	94122	4137	114795	121256	124842	54972	92293	29896	6434	26133	7224	7249	60385	254048	29855	7421	51542	124997	65125	65266	65267	65268	56252	253461	53349	140831	5515	5516	5519	5518	5520	5521	5522	55844	28227	55012	5523	5526	5527	5528	5529	5525	5524	3476	261726	29888	29966	6801	64359	158046	51451	10776	2029	5530	5532	5533	55313	5534	5535	810	805	808	801	163688	51806	91860	11261	63928	54997	23523	9495	23770	5531	9989	151987	55671	57223	139420	57718	5536	996	8881	3320	3326	3312	3303	3305	3304	3310	5537	22870	9701	55291	91526	283373	5470	5475	5494	5495	5496	80895	8493	22843	9647	57460	333926	152926	151742	132160	147699	23239	23035	160760	54704	57546	55066	5786	5787	5788	5789	5791	5792	5793	5794	5795	5796	5797	5798	5799	5800	374462	5801	5802	11122	10076	5803	5770	5771	5774	5775	84867	5777	5778	5780	5781	5782	26191	26469	5783	11099	5784	26095	25930	1843	1846	1844	1849	1850	1847	80824	1848	1852	11221	54434	54961	85464	11156	7803	8073	1845	11266	128853	78986	63904	7957	56940	150290	92235	54935	285193	142679	114971	338599	8446	51207	11072	128854680	6815	8555	8556	168448	1033	138639	5728	7179	93492	23371	64759	7145	84951	4534	8776	8898	8897	9110	6305	81846	55613	9107	9108	66036	10903	54545	54893	64419	53347	84959	52	993	994	9150	10106	10217	58190	51496	23399	134510	79871	145553	100528064	2138	2139	2140	2070	57026	283871	11284	2053	5723	162466	493911	8226	140838	64077	23175	64900	9663
01002	Peptidases and inhibitors	5222	643847	643834	5225	23621	25825	5972	1509	1510	9476	5663	5664	81502	84888	56928	162540	121665	151516	1508	1075	8722	1512	1513	1514	1519	1520	1515	1521	1522	642	823	824	825	726	827	23473	388743	10753	11132	11131	147968	92291	440854	6650	826	84290	7345	7347	8314	51377	5641	834	835	836	837	838	839	840	841	842	843	100506742	23581	10892	8837	54858	8975	8078	84669	9098	7375	8237	9101	9099	9097	7874	23358	8239	8287	9100	7398	64854	219333	85015	10600	9958	728400	728405	728419	377630	728369	728373	728379	728386	728393	100287513	100287327	100287178	100287144	100287205	100287478	100287441	100287404	100287364	100288520	100287238	645836	392188	401447	645402	392197	10869	10868	23032	9960	11274	27005	23326	158880	389856	29761	83844	57695	57663	57602	84132	57646	55031	57558	84640	25862	84101	84749	9736	84196	55230	57478	124739	8836	8833	1373	790	5471	9945	2673	440	6469	3549	50846	29843	59343	26168	205564	26054	57337	123228	9700	115201	23192	84938	84971	11315	161725	56957	7128	54764	80124	55611	78990	1540	90507	79634	9805	402682	55325	220213	23252	54726	55593	4287	92552	126119	9929	55432	427	27163	27351	51029	10208	339855	388630	129293	9986	290	2028	4048	29953	9520	4012	6051	51752	57140	64167	206338	84909	6873	1636	59272	7064	57486	4285	89782	4312	4313	4314	4316	4317	4318	4319	4320	4321	4322	4323	4324	4325	4326	4327	9313	118856	8510	10893	64386	56547	64066	79148	431705	4224	4225	649	7092	7093	2515	8756	101	8754	102	4185	8038	8751	6868	8749	8728	8748	8747	53616	8745	10863	11086	11085	203102	80332	9510	9509	9508	9507	11096	11174	11173	11095	56999	81794	81792	11093	140766	170689	170690	170691	170692	171019	80070	27299	4311	79258	1889	9718	110599583	9427	3792	5251	1357	1359	93979	57094	1358	51200	1360	1361	1362	1363	1368	1369	1370	130749	56265	119587	8532	23287	123624	340351	79841	60509	84871	79656	3416	4898	10531	23203	9512	7384	7385	51056	79716	23549	1800	64180	64174	148811	95	100526760	135293	55748	84735	23173	10988	254042	5184	7511	63929	7512	2346	10003	10004	254827	10404	7037	7036	25797	54814	56926	10939	10730	6687	5069	60676	10269	115209	10072	51360	155185	51321	10213	10987	57559	79184	114803	10617	84435	25960	166647	575	576	577	283383	347088	2015	30817	84658	976	266977	165082	221393	221395	9289	10149	222487	139378	221188	57211	84873	22859	23266	23284	64123	84059	9620	1952	1951	440387	1504	23430	7177	64499	10699	341350	341277	25823	3026	5646	5645	5644	5651	5652	8492	10942	64063	83886	260429	146547	360226	345062	339105	646960	400668	136541	1991	1511	5657	3001	3002	2999	3003	3004	1215	1990	63036	51032	10136	23436	11330	3817	3816	3818	354	9622	25818	5653	5650	11202	284366	5655	11012	43849	26085	43847	55554	51279	5648	10747	715	716	717	629	1675	3426	2147	2155	2158	2159	2160	2161	5624	49	3249	3083	5327	5328	5340	7113	64699	56649	80975	164656	344805	360200	339967	132724	9407	28983	389208	84000	1506	6768	566	3240	4485	4018	5654	27429	94031	203100	219743	11098	8720	5045	5122	5126	54760	5125	5046	9159	255738	7174	5550	1803	54878	91039	327	2191	9581	55347	26090	145447	84945	7920	140701	81926	51104	58489	13	57552	5476	54504	59342	114294	8192	83752	9361	90701	23478	196294	83943	5547	29952	10279	63874	51099	57406	79575	83451	84836	25864	2052	2053	79852	253152	11343	51400	5949	1200	9028	54933	162494	84236	57414	55486	5687	5683	5685	5688	143471	5686	5682	5684	5694	5695	5691	5690	5693	5689	5692	5696	5698	5699	80150	55617	2686	124975	2678	2687	6690	6691	27290	11005	404203	643394	84651	646424	153218	408187	10468	11167	10272	23105	56884	100526694	8577	23671	259	6692	10653	10816	391253	7035	7980	351	334	117166	124857	57119	100526773	90199	89932	340267	5265	5104	6906	183	12	51156	5267	256394	390502	145264	866	327657	1992	5055	5268	8710	5271	89778	89777	6317	6318	5269	5272	5273	5275	462	3053	5054	5270	647174	5176	5345	710	871	5274	5276	58189	10406	140686	6590	149708	140870	128488	5266	3730	1475	1476	1469	1470	1471	1472	1473	1474	8530	10047	128822	128821	140880	3827	197	3273	26998	831	4671	329	330	331	332	57448	79444	7076	7077	7078	7079	2	5858	135228	144568	718	720	721	100293534	727	56925	5918	27344	5037	5553	83998	6425
01003	Glycosyltransferases	1798	79868	199857	56052	85365	440138	10195	79087	79796	29880	29929	79053	84920	144245	3703	201595	8813	442117	11227	64409	63917	79695	114805	79623	57452	117248	374378	168391	55568	2590	2591	2589	11226	8693	50614	51809	26290	100528030	8473	285203	64131	64132	10585	29954	54916	84899	160418	83857	160335	23509	23275	56983	79709	23127	8985	5277	93183	55650	9488	80235	7357	7368	9334	9331	8708	8707	10317	2683	8704	8703	8702	10678	10331	79369	84002	192134	93010	374907	84752	56913	29071	728819	2651	2523	2524	28	127550	360203	2525	2526	2527	2528	2529	10690	53947	8706	124872	26301	4245	4247	4248	11320	11282	152586	25834	4249	2530	84750	2650	9245	51301	51146	11285	126792	27087	135152	26229	55790	55454	337876	22856	79586	54480	2131	2132	2134	2135	2137	55624	84892	2218	79147	10329	11041	9215	120071	3037	3036	3038	4242	3955	5986	145173	283464	727936	152002	8705	2583	148789	283358	338707	146664	6482	6483	6487	6484	8869	10402	6480	84620	55808	10610	256435	27090	81849	30815	6489	8128	51046	7903	29906	338596	2998	2997	2992	8908	10941	79799	7367	10720	54490	54578	54657	54658	54659	7365	54600	7364	54575	54576	54579	7366	54577	7363	574537	55757	56886	9526	147991	23333	283417	286148	8534	9435	9469	10164	23563	4166	56548	64377	83539	9486	50515	55501	166012	51363	9514	64090	89792	79690	9653	9957	9956	9953	9955	9951	222537	64711	9394	90161	266722	3340	8509	9348	64579	10090	113189
01005	Lipopolysaccharide biosynthesis proteins01011	Peptidoglycan biosynthesis and degradation proteins01004	Lipid biosynthesis proteins	2194	27349	54995	51144	201562	9200	401494	51495	55825	9524	55301	5538	9374	122970	10965	641371	641372	11332	23597	26027	55856	6319	79966	3995	3992	9415	8560	123099	283985	64834	54898	6785	60481	79071	79993	83401	84532	55902	79611	65985	116285	123876	341392	54988	6296	348158	142827	80221	23305	2182	2180	51703	2181	23205	81616	376497	10999	11001	11000	132949	57678	150763	137964	84803	10554	10555	51099	253558	6901	154141	129642	56894	56895	54947	79888	254531	9926	10162	79143
01008	Polyketide biosynthesis proteins01006	Prenyltransferases	2224	9453	23590	57107	79947	2222	54802	27235	1352	2339	2342	100529261	5229	5875	5876	1121	1122	375743
01007	Amino acid related enzymes	124454	2058	5859	8565	51067	10352	7453	833	79587	57038	5917	4141	92935	3376	55699	57176	7407	51520	23395	3735	1615	55157	79731	4677	3035	23438	2617	54938	6301	25973	80222	6897	123283	57505	16	2193	10667	10056	2805	137362	2806	84706	2875	6898	56267	883	51166	23464	211	212	10558	9517	55304	64902	4942	18	587	586	189	29968
00199	Cytochrome P450	1543	1544	1545	1548	1549	1553	1555	1558	1559	1562	1557	1565	1564	107987479	1571	1572	1573	120227	29785	113612	54905	1576	1577	1551	100861540	64816	1579	284541	1580	8529	4051	11283	57834	66002	126410	285440	260293	199974	6916	1581	9420	5740	1582	1583	1584	1585	1586	1588	57404	1589	1591	1592	56603	340665	1593	1594	339761	51302	10858	1595
00194	Photosynthesis proteins03000	Transcription factors	7494	3725	3726	3727	2353	2354	8061	2355	467	122953	55509	10538	116071	4094	389692	9935	23764	7975	4097	4901	4778	4779	9603	4780	571	60468	1386	468	22809	11016	114108587	9586	58487	1385	10488	90993	64764	84699	148327	1388	1390	466	22926	1050	1051	1054	1052	1053	1649	1628	3131	7008	4783	6936	6929	6925	6938	4654	4656	4617	4618	344018	121549	429	430	56676	647219	6886	6887	4066	7291	117581	6939	9421	9464	9242	256297	222894	4807	4808	55897	145873	343930	4760	4761	58158	63974	4762	63973	50674	474	220202	84913	727857	116448	10215	167826	168620	27319	128408	3280	54626	55502	84667	390992	57801	388585	26508	23462	23493	8553	79365	10732	196	57491	3091	2034	64344	405	9915	64067	4861	4862	266743	9575	406	56938	6492	6493	3397	3398	3399	3400	1879	64641	253738	57593	23582	402381	7030	7942	22797	4286	7391	7392	6720	6721	7023	4609	4613	4610	4149	6945	22877	51085	4084	4601	83463	10608	4335	84654	4774	4781	4782	4784	5989	5990	5991	5992	5993	222546	64864	7020	7021	7022	83741	339488	7067	7068	5914	5915	5916	5465	5467	5468	9572	9975	6095	6096	6097	10062	7376	9971	7421	8856	9970	3172	3174	6256	6257	6258	7181	7182	7101	10002	7025	7026	2063	2099	2100	2101	2103	2104	2908	4306	5241	367	3164	4929	8013	2516	2494	2649	190	8431	2623	2624	2625	2626	140628	2627	100125288	7227	57798	54815	57459	473	9219	9112	57504	1788	1789	29947	546	6667	6668	6670	6671	389058	80320	121340	221833	100131390	10661	10365	51274	9314	688	1316	8609	11279	11278	687	51621	136259	83855	7071	8462	28999	128209	1958	1959	1960	1961	7490	7543	7544	2735	2736	2737	169792	148979	84662	7545	7546	7547	84107	85416	6615	6591	333929	83482	85508	3642	84684	22890	57621	79842	57659	9925	10773	201501	51341	51043	653121	728116	221504	65986	27107	221527	7541	7704	7709	26137	49854	9278	9841	7597	57684	27033	10009	403341	7690	84614	253461	9880	9923	360023	23099	29068	84878	140685	92999	3104	166793	10472	100128927	64412	604	255877	23598	7716	23119	3090	55892	9189	79413	84327	9889	100381270	639	7799	2122	11108	11107	93166	56979	11105	56978	56980	56981	59336	63978	63977	63976	130497	116039	5017	58495	728361	10320	22807	22806	64375	64376	7593	5978	8328	2672	10194	128553	57616	3096	3097	59269	121536	5324	5325	5326	6239	53335	64919	1877	140690	10664	4520	646	54796	2971	7528	404281	6117	7564	7701	7707	51222	10782	23036	63925	84905	149076	171017	55628	79797	57862	23090	58499	130557	9658	25925	64763	116115	9745	27332	84146	79759	57592	7552	79755	147949	148156	148198	148254	148266	148268	152687	155054	155061	158431	162655	162962	162963	162967	162972	162993	163049	163050	163051	163059	163087	163131	163227	163255	169270	169841	170959	171392	199692	201514	219749	22835	22869	253639	255403	256051	25799	25888	26149	26152	26974	27153	27300	282890	284306	284307	284370	284390	284406	284459	10172	10224	10308	10520	10780	10793	10794	10795	10838	113835	114026	115196	115509	117608	121274	125893	125919	126017	7559	7561	7562	7565	7567	7568	7569	7574	7581	7582	7587	7592	7594	7596	7633	7637	7638	7639	7644	7652	7673	7678	7691	7692	7694	7695	7699	7700	7710	7711	7712	7728	7730	7733	7738	7743	7748	7755	7757	7761	7766	7767	7768	7769	7770	7771	7772	7773	79088	79175	79230	79744	79788	79818	79862	7988	79891	79898	79973	80032	80095	80110	80264	80778	80818	81856	81931	8427	84436	84449	84503	84527	84671	84765	84775	84874	84911	84914	84924	90233	90317	90321	90333	90338	90576	90592	90594	90649	90827	91120	91661	91975	92283	92285	92595	9310	93474	94039	9534	9668	163071	126070	126295	127396	136051	139735	140612	146198	146434	146540	147657	147658	147686	147687	147694	147741	147837	147923	147929	147948	285268	285676	286075	30832	339327	339559	340252	340385	342908	342909	342926	344787	346171	348327	349075	353088	353355	374879	374900	374928	388536	388566	388569	390927	400720	440077	440515	441234	51276	51385	51710	54753	54925	55422	55552	55659	55713	55762	55786	55900	56242	57209	57335	57343	57474	57547	57573	57615	57677	57693	57786	58492	58500	59348	63934	641339	65251	6940	728927	728957	729747	7539	7551	7553	7554	7556	83744	162239	163081	126375	374899	7643	347344	90075	90987	146542	7549	7571	93134	100129543	148103	100289678	57541	284349	345462	389114	54811	57232	7752	197320	9831	442319	168417	79724	65243	339318	100287226	342892	100289635	100529215	101060200	148206	163223	170960	199704	285267	388561	51427	55769	57711	730051	730291	91664	388567	284371	100131017	100131827	284323	7625	730087	162966	100129842	388558	388559	390980	126068	126231	147660	9422	170958	110116772	7576	440519	7617	388523	148213	168374	654254	400713	148203	199777	220992	284309	54807	344065	100131980	100132396	162968	90589	646864	100419780	10781	339500	26048	342357	353274	387032	55663	55888	57336	7566	7586	7626	7745	7753	7760	7762	80317	84124	84838	10127	221785	23660	23619	7627	10168	158399	110354863	146050	201516	203523	252884	284312	342933	342945	55311	65982	7572	7579	7589	7718	7746	7775	79149	80345	84891	84307	7741	100101467	222696	5178	54993	64288	7727	9753	649137	389549	55079	54897	25988	4661	23040	9705	161882	23414	84148	11143	7994	23522	10524	26013	84456	83746	91133	55646	84524	149041	54542	4850	90326	55145	168451	199745	80764	56906	57215	4297	9757	30827	51523	80312	54790	200424	1786	84678	22992	54620	4152	80319	5252	84295	26147	22823	4799	10743	7555	389874	55906	6942	26145	64207	359948	3205	3219	3225	3235	3206	3226	3236	3207	3227	3237	3238	3228	3209	3229	3239	10481	3211	3198	3231	3199	3212	3200	3213	3232	3201	3214	3221	3233	3202	3215	3222	3216	3223	3203	3217	3204	3218	3224	3234	219409	170825	3651	1044	1046	1045	2128	344191	2637	2636	3110	4222	4223	390010	54729	7080	4821	159296	644524	1482	137814	26257	4824	579	340784	3166	3167	4825	84504	1750	1748	1745	1746	1747	1749	3195	3196	30012	3142	2016	2018	11023	25806	2019	2020	4487	4488	10660	85474	3087	56751	343472	8538	56033	79923	388112	390259	120237	440097	344022	27287	170302	257	60529	145258	2928	5013	5015	5626	340260	5396	51450	401	8929	6473	6474	30062	84839	8092	30813	338917	1406	80712	135935	5307	5308	5309	8820	503582	127343	503834	644168	503835	100033411	100288687	26581	26584	84525	91464	342900	83881	23440	158800	727940	84528	645832	284355	5075	5083	5076	5081	5077	5078	5079	5080	7849	3670	64843	4009	4010	3975	9355	56956	8022	89884	64211	26468	431707	1465	1466	8048	5449	5451	5452	25833	5454	5453	5456	5455	5457	5458	5459	5460	5462	5463	11281	139324	6927	6928	79618	6495	10736	4990	6496	51804	147912	85446	463	79776	6935	9839	23394	22850	11244	22882	23051	57594	360030	1523	23316	3175	9480	390874	6304	23314	5629	283571	5087	5089	5090	80714	4211	4212	56917	7050	60436	90655	90316	79191	10265	153572	79192	50805	79190	283078	5316	63876	3170	2296	2303	2290	3344	1112	121643	8456	3169	3171	2302	1869	1870	1871	1874	1875	1876	144455	79733	7027	7029	51270	442425	27023	2297	2298	2306	200350	286380	349334	653404	27022	653427	2301	2304	2294	2295	8928	2299	399823	344167	22887	55810	3607	221937	2300	668	2305	2308	2309	4303	100132074	27086	93986	116113	50943	94234	139628	283150	2307	3297	3298	3299	4602	4603	4605	6621	9988	1997	2000	1998	1999	2001	26298	2002	2004	2005	2115	2116	2117	2118	2119	2120	51513	2077	2113	2114	2078	2313	54738	6688	6689	121599	2551	25803	3659	3660	3661	3662	3663	3664	3665	3394	10379	7003	7004	7005	8463	57492	8289	196528	10620	138715	1820	5926	51742	84159	10865	4790	4791	5970	5971	5966	4792	4793	84807	4794	64332	4795	4796	602	2553	126626	4772	4773	4775	4776	10725	6772	6773	6774	6775	6776	6777	6778	7157	7161	8626	4205	4207	100271849	4208	4209	6722	6672	3431	11262	93349	326	10522	26205	10691	387332	9519	6908	6736	6656	6658	8403	11166	6657	6659	6664	6666	6660	55553	9580	83595	30812	6663	54345	6662	64321	6665	11063	23152	56987	26959	51176	6932	83439	6934	6749	7343	4800	4801	4802	7024	7342	29842	29841	57822	79977	8531	4904	51087	861	860	864	745	3159	8091	26471	389493	5925	5933	5934	1387	2033	6862	8320	10716	6899	6909	6926	9496	6910	6911	347853	6913	9096	9095	57057	30009	50945	1761	10655	58524	63951	63950	63948	63946	728656	63947	9208	9209	80709	79800	23125	23261	8521	9247	148523	129787	4330	51142	11317	3516	54856	5813	5814	50804	83879	55536	55922
03021	Transcription machinery	5430	5431	5432	5439	548644	246721	5433	5436	5438	81488	5434	5435	5437	5440	5441	11036	2957	2958	2959	387332	9519	6908	6872	138474	6873	83860	6875	6874	27097	6877	6878	10629	6879	54457	129685	6880	51616	6881	6882	6883	6884	8148	2960	2961	2962	2963	2965	2966	730394	728340	2967	2968	2071	2068	404672	1022	4331	902	10001	112950	400569	9440	54797	219541	9477	6837	80306	55588	90390	5469	29079	9443	55090	84246	9412	51003	9282	51586	10025	1024	23097	892	116931	9968	23389	9969	9439	9862	81857	9441	9442	8850	2648	8295	8464	6871	93624	10474	117143	56970	112869	9913	6314	127002	222255	1105	56943	23326	158880	389856	23450	6595	6597	6598	6599	6601	6602	6603	6604	6605	71	60	86	51412	57492	8289	196528	55193	10923	55749	57658	6917	6919	6920	6827	6829	6830	8458	51585	29894	51692	10898	642843	5499	5500	5501	8189	29101	143506	441584	390031	390033	196120	136157	22803	1797	58490	55197	6421	22828	57466	23064	5300	54623	79577	9646	123169	23168	7469	25920	51497	7936	22936	80237	8178	4299	27125	55840	85403	4298	4300	904	905	1025	23379	79664	84524	23476	10614	124790	56257	51574	57805	284695	2969	9569	9044	1810	10589	144108	2334	3899	9150	10106	10217	58190	55677	64651	80034	81566	26015	79871	79657	8812	11321	54707	51184	9338	11128	55703	9533	51082	10623	661	55718	10621	84265	10622	171568	27297	51728	2971	2972	55290	55814	2975	2976	9330	9329	9328	112495	6617	6618	6619	6621	10302	5451	5452	25833	5460	5462	7702	7629	84232	25885	84172	64425	221830	10849	30834	9015	9014	9013	79101	7343	54700	8467	11176	7270	284119	9221
03019	Messenger RNA biogenesis	8731	8732	1022	23070	55783	83640	353267	4686	22916	392517	11051	11052	79869	10978	51585	29894	53981	51692	10898	642843	81608	55339	80335	5499	5500	5501	29101	143506	441584	390031	390033	196120	136157	1477	1478	23283	1479	8189	6628	6634	6635	6636	6637	84967	134353	7884	9994	6827	6829	56339	57721	64863	79066	9589	25962	29890	64783	23091	79872	64895	56903	10914	167153	64852	580	64062	79068	54890	23435	79665	22944	79828	79091	115572	55603	54855	169966	79882	51593	9939	4116	55110	10189	7919	9775	51244	22794	10284	5411	22985	10921	10250	9984	57187	84321	8563	79228	80145	55795	7979	56943	1069	1070	8888	7175	8480	6396	79023	79902	348995	10762	53371	23636	4927	9688	4928	57122	55746	23511	9972	9631	23279	129401	23165	23225	91181	8021	100101267	9883	94026	9818	11097	55706	81929	5903	59343	8086	2733	10482	56001	728343	56000	29107	55916	23742	5901	23519	8125	10541	8741	1994	1993	1995	1996	23197	7415	79609	30000	7514	23039	64901	5905	8148	1977	9470	253314	1973	1974	8672	1981	1982	1975	7458	1978	1979	8637	56478	90806	23357	2332	8087	9513	23191	26999	25929	10460	64506	132864	22849	80315	1654	26058	64599	26986	140886	5042	645974	80336	340529	8761	132430	10605	51247	400961	6499	10522	28985	100101490	8562	339	29974	84305	220988	3178	144983	642659	26528	4440	124540	10767	53918	8106	390748	100529063	11269	55308	29118	56949	84324	1104	55323	5813	5814	84271	643136	441155	9877	114823	197135	2107	23708	2935	5976	26019	65109	65110	5515	5516	5519	5518	5520	5521	5522	55844	28227	55012	5523	5526	5527	5528	5529	5525	23049	23381	23293	9887	55181	56006	79048	9728	9704	9567	9933	4644	4645	55930	23299	636	161829	71	60	4155	7431	4490	4493	4494	4495	4496	4499	4501	4502	4489	645745	4609	2657	6911	340719	81030	8570	8880	8939	1915	1917	1937	3181	10456	3267	27067	6780	10643	5725	5094	54039	57060	4076	65981	4904	54464	192669	26523	192670	27161	8653	1656	399664	51320	84206	92312	10922	149986	26065	5093	8994	84962	126374	164668	200316	100913187	140564	200315	27350	60489	9582	4343	55629	3842	7538	677	678	389421	79727	3064	10526	80114	5566	5567	5568	23367	55132	11273	6311	167227	55802	196513	27257	57819	27258	25804	23658	11157	51690	51691	147700	3831	64837	89953	10376	7277	7278	7846	84790	51807	112714	113457	79861	27327	23112	57690	23019	4848	4849	4850	57472	246175	29883	9337	9710	129563	9924	255967	10140	10766	10950	54766	694	7832	219988	80153	23644	339345	342977	6737	131405	5436	5610	326340	646799	253943	51441	54915	7073	7072	10146	9908	83939	8662	6197	6195	6196	27330	10399	7186	10013	81550	113251	23185	22803	131870	28960	9931	51013	23404	51010	54512	56915	118460	23016	11340	5393	22894	115752	5394	10438	10200	55601	91351	11044	64282	84186	23517	9652	80349	9125	25904	5073	154197	170506	1437	25819	90459	112479	201626	3658	85441	55051	23034	55095	54914	6036	6035	6037	6038	122665	84659	6039	122651	80149	85463	340554	340152	29102	25996	2027	2026	2023	87178	5213	5214	5211	3313	3329
03041	Spliceosome	4686	22916	392517	220988	3178	144983	642659	3183	27316	3190	4670	3192	5093	6426	6427	10929	6428	6429	6430	6431	6432	8683	10772	29896	6434	9774	731605	1994	3608	3609	9584	55147	4904	124245	6628	6632	6633	6634	6635	6636	6637	6625	6626	6631	1655	25766	55660	58517	10915	6627	6629	10291	8175	10946	23451	10992	23450	10262	83443	51639	11325	84844	7307	102724594	199746	11338	10523	1665	9879	22827	84991	10285	23350	6100	8233	9184	728642	984	27336	10181	8241	7536	57794	80312	2521	282996	57819	27258	25804	23658	11157	51690	51691	9129	9128	10465	26121	4809	9733	9343	24148	10594	9410	23020	9416	10907	10421	9092	10713	11017	153527	84950	55119	57703	8449	27238	3315	23759	23517	91603	27339	988	10286	5356	51503	56259	3312	3303	3305	3304	3310	10084	51729	22938	56949	25949	51340	9716	8896	151903	57461	100534599	10450	51645	5546	55696	22889	84811	51634	79753	3550	4236	55234	9967	59286	24144	22985	7919	9775	51244	4116	55110	5411	9939	9984	57187	84321	10189	51362	8559	10569	1659	9785	51319	53938	85313	9360	23398	10283	3187	3185	3188	3189	10236	22913	81576	51428	60625	8220	9130	26240	26017	118924	2483	55094	84292	51070	26986	140886	5042	645974	80336	340529	8761	132430	7737	55596	58509	163859	79706	6606	6607	8487	11218	50628	25929	79833	79760	54960	11171	26173	57508	65123	92105	80789	26512	25896	55656	55756	55174	54973	57117	8161	10073	79650	1207	96764	203522	8882	55954	79622	85437	11066	154007	55599	84060	79637	9419	79005	100534012	338657	10949	3181	9987	3182	3184	92906	3191	10492	5094	339287	55167	9295	140890	10147	57466	11129	8227	25957	135295	10250	23524	55082	6651	11168	286676	387597	9406	8563	79228	80145	1653	1654	8653	10521	8886	55661	10212	55510	79009	1660	22907	55760	64848	165545	5935	5936	83759	10179	54033	10137	389677	10432	29890	64783	22828	92400	55544	221662	64062	54439	159163	378948	378949	378950	378951	5940	348093	11030	103	104	105	11335	1153	8531	5977	10642	10643	10657	202559	10656	10150	4154	55796	4857	4858	9444	146713	23543	54715	26135	55342	7073	7072	114034	51663	23217	284695	91746	222698	79576	25980	84081	57396	1195	1196	1198	11189	10658	10659	56853	60677	60680	9829	22826	23317	1993	1995	1996	54845	80004	2130	8570	8880	8939	94104	51631	100996928	9782	4841	55269	6421	83714	5499	5500	5501	5511	10419	8899	55015	125950	5725	58155	9991	6732	6733	2547	11193	79084	57018	81669	51163	55280	143884	9667	6294	26863	26870	6060	26869	26871	26864	101954273	101954268	101954264	101447996	101954266	101954267	101954269	101954272	101954276	101954277	124904616	124904619	124904621	124904624	124904627	6063	6066	26834	26835	26830	26831	26832	26828	26829	101954278	101954275	26827	101954271	103625684	100151683	100151684	692076	319103	692053	652966	100033807	100036567	100033450	100033446	100033448	100033449	100033454	100033813	100033808	100033447	100036566	100033443	100033451	100033806	100033803	100033810	100033817	100033799	100033802	100033442	100033814	100033816	338433	100033460	100033441	100033818	100033445	100036565	100033804	100033801	100033440	100033437	100033453	100033603	100033456	100033809	100033455	100033805	100033815	100033812	100033458	100033811	100036564	100036563	100033444	100033822	100873857	100033800	677774	677766	677771	677772	677775	677767	677776	619383	100158262	692148	677780	677777	677768	692149	677778	677781	677769	677765	107397392	677773
03011	Ribosome	6187	6188	6189	6192	6191	140032	6193	6194	6201	6202	6203	6204	100529239	6205	6206	6207	6208	6209	6210	6217	6218	6222	6223	6224	6227	6228	6229	6230	6231	6232	51065	6233	6234	6235	2197	3921	388524	6123	6122	6124	6125	6128	6129	6130	6132	6133	140801	6134	4736	6135	6136	6137	23521	9045	6138	6139	100526842	6141	6142	6143	6144	200916	6146	9349	6147	51187	6152	6154	51121	6155	6157	6158	6159	6156	6160	6161	6164	11224	6165	25873	6167	6168	6169	6170	7311	6171	6166	6173	100529097	6175	6176	6181	51116	64969	64968	51081	64965	55173	64963	6183	63931	64960	51021	51373	51023	55168	54460	28973	56945	51649	64951	64432	64949	23107	28957	7818	10884	10240	51650	65993	60488	92259	65008	51069	11222	51073	65005	124995	65003	6182	28998	64928	29088	54948	63875	29074	9801	55052	219927	29093	6150	79590	51264	10573	51263	64983	9553	64981	51318	64979	51253	64978	54148	64976	64975	28977	84545	65080	84311	26589	57129	51642	740	54534	51258	122704	116540	116541	128308	106631781	109864273	100008588	109864280	109910380	109864271	100008589	109864282	109864272	109910382	106632264	109910379	100169751	100169767	100169757	100169762	100169756	100169764	100169755	100169754	100169753	100169761	100169763	100169759	100169758	100169765	100169766	100169768	100169760	100008587	106632260	109864281	109910381	109864274
03009	Ribosome biogenesis	2091	345630	10528	51602	4809	1736	54433	55651	55505	92345	55164	55272	92856	10199	25983	27341	5822	8602	57050	84916	23160	55813	9277	55127	51118	10885	10607	9724	10813	84135	84128	51096	79050	27340	134430	65083	84294	51077	27042	26156	1662	8886	51202	54555	11056	1665	57647	9775	9790	29102	57109	51163	1457	1459	283106	1460	26574	84319	10436	29777	65095	11103	9904	55226	4691	79954	161424	54984	11137	10171	22984	9136	23223	88745	6949	25879	83732	55781	27292	114049	29081	705	84946	28987	56902	5901	102157402	55720	90121	115939	84306	5134	91582	7514	3837	3842	79711	3843	10527	55705	10396	51761	8669	6059	1655	9188	57062	55661	64794	317781	79039	57696	54606	23517	26354	54552	29889	23560	55341	79631	25996	57455	81691	54464	22803	10940	10775	51367	10556	10248	138716	54913	10557	10799	79707	10061	114483834	134218	3692	3312	3303	3305	3304	3310	3306	51154	51068	10482	56001	728343	56000	29107	55916	90441	51119	166378	79029	51550	54955	11266	54881	57418	81887	27043	26168	26046	22980	9147	7415	55666	7353	391356	55139	55299	51042	79080	10969	23246	50999	55003	84549	10153	23195	51388	26155	64318	4839	55131	55035	23029	84365	29997	54663	10412	23481	9933	1797	79697	84864	4931	80135	84154	83743	8568	23076	23378	79159	23212	54475	55153	117246	692312	56342	55319	9875	9816	55759	26747	9326	56647	55646	387338	55695	51106	79922	154743	55178	29063	55794	56919	3508	3669	81875	79831	84295	342618	26284	121053	5036	92170	26164	84273	6130	29960	79693	780851	780853	780852	26851	109617015	780854	109616984	109617016	109616985	109617017	26765	100113393	692057	692084	109617021	109617019	109616989	109617020	109616986	109617025	109617018	109616987	109616988	109616990	85391	85389	85388	85390	26822	114599	6079	692086	595098	595099	595100	6083	9304	692091	26820	692196	26819	692092	26818	26817	84546	26816	26815	26813	26814	94162	94163	109616979	109617024	26789	692090	26788	692093	26786	692202	692203	692204	692227	727676	677848	677849	677850	619567	26773	26772	692072	692075	100113392	692058	595097	100113381	109616991	692089	6082	9303	9302	9301	9300	109617011	9297	9299	109616978	9298	26812	26810	26808	26809	26807	26806	26805	26804	692085	94161	26802	26801	26800	692087	26799	692088	26798	26797	26796	109617012	692209	26795	26811	26793	319139	26792	26791	26790	100124516	26787	109617013	26785	347686	692106	109616980	109616981	692107	692108	606500	692109	692110	109616995	692111	619564	114655	8944	109617014	619498	692195	109616982	692197	26774	692198	26770	26769	25826	116938	116937	692201	641648	692205	692206	692207	692208	692210	692225	619570	619571	692226	692223	692211	692212	594838	594837	26771	692235	692234	692200	692229	100113382	91380	338427	338428	338429	692213	100113402	692214	692215	767604	767588	767566	767579	767592	767596	767563	767594	767609	767593	767606	767591	767582	767595	767578	767605	767581	767561	767577	767603	767568	767612	767567	767569	767583	767580	767597	767590	767608	767585	767584	767598	767610	767599	767589	767611	767565	767600	767564	767562	100033420	100033432	100033414	100033417	100033415	100033419	100033416	100033418	100033429	100033427	100033430	727708	100033433	100033428	100033435	100033423	100033422	100033821	100033438	100033820	100033439	100873856	100033413	100033425	100033431	100033421	100033434	100033424	100033426	100033436	692199	692233	101340252	100113379	100113384	101340251	100113380	100113391	100113389	26768	26766	26767	6080	654319	677796	677795	677799	101340250	109616961	100124540	100124539	109617000	100124541	692073	692157	677842	677830	109616998	109616958	677832	677833	26821	109617009	109616974	677841	109616975	677843	109617010	677844	677845	109616976	677823	109616959	677846	100302743	109616999	677792	109617001	677793	677794	677815	677826	619562	109616997	619568	574040	6044	619563	677797	654320	109616977	677798	654322	677802	677801	677803	109616962	109617022	677804	677824	677805	641451	677806	109616963	619505	109617002	677807	109616965	109616964	677808	109617003	677809	684959	109623459	619499	677811	677813	109616992	677819	677814	109616966	692063	677817	100124535	677818	109616967	677822	109616968	109617005	619569	677825	677827	677828	652965	109616969	619565	677834	677835	109617023	677836	677837	677839	677840	26776	26777	677821	677838	574042	26784	109616960	26782	26781	26780	109616972	26779	100124537	109616993	26778	100337591	109617008	100124538	100379132	100379250	109616973	100379141	26775	654321	109616994	100124534	6023
03016	Transfer RNA biogenesis	10940	10775	51367	10556	79897	11102	10248	138716	54913	10557	10799	60528	55520	8635	100526740	26024	51095	80746	79042	116461	283989	51493	79074	51637	283742	1653	339487	83707	5901	11260	7514	57510	1915	1917	57410	9567	23534	2058	124454	25973	3376	55699	51520	23395	4141	92935	5859	57038	5917	3735	1615	55157	9255	7965	9521	57505	16	79731	4677	2617	80222	6897	123283	54938	6301	833	79587	57176	7407	3035	23438	2193	10667	10056	8565	51067	10352	7453	92675	112487	80755	100885850	54952	3094	84681	135114	23536	134637	113179	64118	54920	56931	11062	54901	55621	27037	79979	6894	54888	63899	221078	57570	115708	55006	51605	24140	4234	55798	339175	131965	91801	93587	158234	60487	54482	152992	10785	51504	1787	51531	55253	441250	55039	127253	9836	129450	144233	80324	83480	142940	83448	54517	150962	84881	55687	90353	348180	9054	81605	27304	112858	64172	55644	51002	8270	84520	8518	55250	55140	26610	23587	54859	285381	112970	79693	54802	84705	25821	81890	79691	22928	22929	55623	54974	11101	55152	11044	64282	84186	23517	54464	22803	10380	283	146857	24138	5805	87178	3669
03012	Translation factors	9086	1964	10289	10209	1965	8894	1968	255308	83939	1967	8892	8891	8890	8893	1939	1983	56648	1984	143244	9669	3692	8661	8662	8663	728689	8664	3646	8665	8666	8667	8668	8669	27335	51386	10480	1973	1974	9775	1975	1977	9470	253314	8672	1981	1982	7458	4528	219402	23	55324	23277	1660	54505	170506	90957	1611	3508	26608	1915	1917	1933	1937	1936	1938	10102	7284	84340	85476	60678	1801	1802	285381	120526	51611	89978	92715	79048	9728	221143	399818	25895	110599583	110599564	51603	196483	85002	653333	9567	2107	23708	2935	7978	80298	130916	51001	3396	54516	9617	92399	51409	29104	51504	138428	51651
03110	Chaperones and folding catalysts	10808	22824	10525	81570	10845	3320	3326	7184	10131	3312	3303	3305	3304	3310	3306	3308	3309	6782	3313	8195	6950	10576	7203	10575	22948	10693	908	10574	10694	3329	871	3301	10294	9093	55466	134218	3337	3300	11080	25822	10049	150353	165721	4189	51726	54788	374407	79982	64215	27000	5611	3338	80331	85479	285126	9829	7266	22826	23234	54431	55735	56521	23317	85406	29103	23341	55192	202052	131118	79962	11231	548645	51277	54943	84277	150274	134266	80273	1409	102724652	1410	3315	3316	8988	126393	27129	26353	94086	51668	3336	5201	5202	5203	5204	10471	821	811	1047	5654	27429	94031	203100	6687	10939	10963	11140	573	9532	9531	9530	9529	6767	10273	23640	79663	51501	84807	64332	4795	602	26973	26548	1191	10491	64175	55214	10536	10609	151194	196541	124512	146862	55898	10695	245812	1861	27348	27433	64222	163590	26092	6678	6449	54557	7265	7268	57003	51398	23184	6447	79415	79608	10598	59353	8720	5045	5122	5126	54760	5125	5046	9159	255738	1200	7174	1508	1075	1513	1514	1520	1357	5476	1991	374	3073	3074	4803	3938	7040	7450	5478	5479	5480	5481	10450	10105	9360	10465	644591	653505	653598	730262	728945	645142	51645	23759	53938	85313	285755	23398	10283	4820	5903	2281	2280	642489	2286	2287	2288	2289	8468	51661	23770	11328	60681	51303	55033	23307	63943	5300	5303	7295	25828	2745	51022	51218	389207	5034	64714	2923	9601	10954	10130	81567	54495	78987	79174
04131	Membrane trafficking	6857	127833	84258	6860	6861	148281	9066	90019	143425	341359	23208	91683	57586	255928	83851	102724488	83849	51760	54843	84958	94120	94121	94122	4735	5414	5413	989	8448	8447	49	2683	10321	167	7180	54586	2741	2743	54760	5170	10343	22999	9699	9783	140730	9256	440804	85376	150221	6382	246777	153218	7142	55521	22917	7783	7784	151056	23236	5330	5331	5332	5333	113026	84812	51196	5335	5336	89869	23007	9651	5337	5338	23646	122618	1020	8851	8941	23396	8394	8395	120892	2534	6714	80725	7525	4067	129138	2268	3055	8573	57513	57524	84446	9024	5058	8428	10494	51765	10201	29922	4831	4833	4830	4832	654364	320	6622	9001	55327	64130	8825	23413	9378	9379	9369	22871	57555	54413	57502	22829	27445	307	8618	93664	26280	11141	51150	342898	114088	440730	7447	9478	51475	57010	56344	25953	5864	5865	115827	9545	4218	51762	10890	201475	25837	5873	5874	326624	117177	5866	22930	25782	22895	9501	87	81	89	88	810	805	808	801	163688	51806	91860	6853	6854	8224	6812	134957	9515	9342	8500	8499	8541	8497	8495	8496	5877	2622	11130	4952	3633	23216	9882	79774	11138	54885	23158	23061	374403	26000	83874	79735	161514	23329	10133	57553	64780	9645	85377	79778	23301	254102	5830	51555	9381	3993	3996	1121	1122	5875	5876	79083	23086	25924	1657	23312	8567	998	5879	389	54509	57381	23433	58480	171177	3265	4893	51114	51125	55763	55770	11336	60412	10640	23233	54536	23265	149371	283849	90332	7127	4684	4685	5898	5899	253959	57186	57148	7979	1113	1114	23085	26059	22859	64145	26499	5341	84106	10066	10067	113178	192683	9522	26872	261729	55240	79689	493829	6804	2054	6809	112755	6810	415117	8676	8417	23673	203062	8675	6811	55014	53407	10490	143187	9527	9570	662	10228	9482	8677	51272	10282	55850	8773	6616	116841	6843	6844	9341	8673	8674	10791	6845	10652	9554	29091	26984	9117	6813	6814	23025	10497	440279	201294	23256	203190	10815	10814	594855	339302	167838	200081	55787	158866	253832	51201	51304	55625	55146	23390	54503	23557	57393	4905	8775	63908	8774	23054	2596	1742	8723	64083	55204	9842	1861	27348	23623	7415	55968	137886	1211	1212	1213	8218	1759	26052	1785	10059	161	160	163	1173	1175	115548	23149	29924	55040	22905	2060	58513	30011	9892	8301	50618	6453	273	274	112574	257364	51429	9829	2580	3312	3303	3305	3304	3310	3306	3949	4035	53353	4036	26020	29967	4037	4038	4041	4040	7804	7436	26119	1600	1601	8650	9253	322	321	9479	23542	126326	10755	54810	55333	100529257	9270	9722	408	409	2885	2887	389400	8867	8871	3636	22848	55681	1859	9149	867	868	23624	79872	4734	23327	83737	4193	7189	10193	57154	64750	11059	29116	3092	9026	2017	3059	821	6457	6456	6455	51100	56904	3267	84251	23677	11037	85439	85021	9185	25977	55707	64429	124930	338692	81573	88455	92799	10330	285888	115825	79719	619189	256987	54587	9856	64327	30846	81622	10043	10040	146691	50632	90416	857	858	859	5578	23209	2319	10211	23092	375	382	387	84894	158038	645191	339398	2204	2209	2212	2213	9103	2214	2215	2217	1378	1379	3684	3685	3688	3689	3690	3693	102723407	718	7057	1311	7058	7059	7060	78989	81035	4153	653509	729238	6441	712	713	714	715	716	10882	338761	389941	165257	7097	7099	10333	22925	4360	9902	10332	30835	64581	4481	8685	4973	949	8578	948	11151	283446	4430	4542	4640	4641	4642	4643	64005	10457	51454	575	84466	84465	3845	5289	200576	6642	6643	254122	27131	58533	26084	1487	1488	23075	50619	51411	55909	9322	23048	54874	23380	57522	9901	393	11252	29763	29993	9051	9050	89848	9873	2241	2242	115677	8522	10458	55971	80115	92154	9788	5868	5869	5878	51479	9135	79874	27342	8411	3635	5290	5293	5291	5294	5295	5296	8503	110117499	30849	23533	146850	11311	26060	55198	9712	101060321	101060351	101060376	101060389	102723859	102724862	414059	414060	729873	729877	84218	3064	474383	474384	8263	185	29800	653082	79844	9610	54453	79890	26130	116983	23527	9744	116985	116984	64411	64744	60682	28964	9815	23362	23550	5662	84249	23096	9922	440073	9265	27128	9266	9267	57465	55531	255520	84173	2523	2524	5297	22979	23167	145567	57217	285172	84668	129303	441027	284417	3484	3485	3486	3487	3488	3489	3490	1490	4856	3491	347252	8840	8839	8838	10232	135112	22986	7879	338382	23011	55737	51699	112936	9559	64400	51361	29911	84376	729830	84067	57700	64760	83547	353116	27246	55658	5688	143471	22898	55357	9779	64786	114876	9885	84079	27352	79443	259173	55969	27065	51617	127829	55207	2647	282991	79036	118426	54785	119032	729991	122830	60560	84316	23207	9146	10254	8027	7251	51160	155382	137492	79720	55048	93343	89853	51271	11267	84313	51028	57132	5119	27243	25978	51652	100526767	128866	29082	92421	51510	79643	91782	9525	27183	51534	10015	92714	57561	27106	91947	9392	23355	55823	64601	57617	65082	23339	27072	23335	6500	8943	8120	8546	26985	10947	10239	1176	388552	55330	63915	26258	84062	84343	11234	79803	3257	89781	8291	26509	22879	84315	221960	51622	29919	9101	10617	56674	54664	387521	387522	55332	128338	1130	65065	23218	26276	63894	28952	28962	2896	219285	54809	347735	987	55717	29062	57732	54847	5867	53916	8766	9230	5872	51552	376267	64284	57403	11031	51715	57111	11021	80230	55680	23607	11216	1783	51143	26960	23046	55605	125058	56850	22841	80223	26056	84440	9727	54521	6396	115704	7813	23232	57533	84747	9094	54436	79628	57614	10938	30845	30844	5147	387849	23102	51256	54662	5888	6624	163486	57706	79958	10260	55667	9909	90342	654463	23426	80852	25921	29801	738	6293	55275	55610	100287171	124908102	253725	387680	51019	9897	23325	829	830	93661	832	10311	57020	7260	29887	29916	81609	10807	57182	144717	150368	54551	84162	51075	29058	114815	57537	5870	51560	84084	150786	9367	51209	23299	636	163259	27147	6764	79961	160518	23258	79571	9648	2800	2803	92344	10112	9585	9493	55773	23637	10244	7110	10226	83658	83657	1639	129049	23230	54832	157680	55187	377	378	381	400	10139	55738	26286	84364	116987	116988	119016	414189	642517	729092	116986	50807	55616	8853	10564	10565	8729	9382	22796	83548	25839	10466	57511	91949	84342	51542	58485	6399	51693	10597	100128327	27095	51399	126003	122553	79090	22878	83696	7109	60684	51112	80006	164	8906	162	8907	10053	1174	8905	130340	23431	10717	9179	11154	146705	23062	23163	26088	54812	54497	25938	11276	65977	84725	23647	27236	57584	57636	5045	60592	9043	90196	399687	84700	55690	27333	55858	147007	84317	57515	10955	29934	8724	29886	23041	10079	9980	23033	79971	79932	6653	9685	26175	780776	51030	201158	56681	51128	22872	25956	10483	10484	10427	10802	9632	9871	10113	89866	9919	111240474	222068	54732	10959	11018	50999	51014	100302736	23423	146456	10972	5034	64714	2923	9601	10954	10130	204474	121506	10961	23071	81567	51060	56255	81542	54495	10551	155465	54431	5861	81876	5862	84932	11069	2801	10567	128637	55633	25771	9321	10897	90522	51124	9853	8548	3998	90411	10960	10905	57134	4121	11253	57222	51290	51614	10175	149111	254263	29097	6836	3309	871	2335	290	4924	4925	1314	1315	9276	26958	22820	372	11316	22818	51226	51594	60561	9183	7485	439	51608	8266	164153	9363	83452	57589	9827	2804	10945	11014	11015	5007	23762	114880	114881	26031	114879	114882	114883	114884	114885	5348	53822	54432	78992	25844	84272	81555	285525	286451	23065	9694	55831	51234	93380	83460	56851	10328	51016	284361	29927	55176	10952	23480	6745	6746	6747	6748	54499	57003	51398	10430	56926	23420	283820	408050	80055	27315	93210	84302	65258	123720	2218	79147	54757	9917	56975	57190	11230	10550	23204	55161	6252	6253	10313	57142	23151	64788	9218	23294	56899	257629	64801	63895	9780	7873	142891	25923	51062	64225	6683	80856	2055	54808	57605	83394	9600	63932	23732	84522	3638	51141	22937	6720	6721	127845	51026	8408	9776	9821	60673	9706	22863	8678	441925	29982	285973	79065	26100	55062	23130	55102	9140	10533	83734	9474	55054	89849	11337	23710	11345	115201	23192	84938	84971	64422	54463	79137	162427	4123	23549	8878	664	665	65018	5071	9927	23274	8887	4077	55626	3101	3098	3099	80201	9530	93974	55294	283514	9958	84749	54543	132671	139341	65991	440738	81631	84557	643246	392288	8504	5195	2034	79777	91452	5189	5190	23001	10013	10273	9531	26353	10241	29110	90678	340061	3964	230	226	229	301	302	309	2805	137362	2353	2059	79574	54869	64787	2597	3043	4792	4209	2	5076	5223	5224	441531	5315	1827	6036	6035	4137	29979	29978	50613	56893	3916	3920	3320	3326	573	6767	3301	2670	1915	1917	5476	51092	55165	8987	4210	834	22861	114548	6737	3661	9217	55177	23241	2475	64223	64798	57521	84335	79109	253260	55615	79899	9681	10641	8131	84219	79726	54468	81929	11133	55846	144577	23334	116442	203228	55255	140775	5562	5563	5515	5516	3476	25851	53349	147945	338322	7405	80183	9711	206358	153201	120103	285641	8828	57590	57705	56270	11152	9895	493856	57724	51322	203547	133746	91875	9638	9637	152137	9737	115265	9528	25789	54828	80262	79142	84141	59271	55194	1611	27035	1536	50508	79400	53905	50506	1535	653361	4688	4689	10811	124056	90527	405753	9644	285590	4644	4645	55930	4646	4647	4648	10095	10552	10109	10094	10093	10092	81873	10097	57180	653857	10096	7454	8976	147179	7456	644150	146206	55604	90668	28988	26751	55361	55300	345456	5216	5217	375189	1072	1073	10486	10487	3798	3799	3800	9499	7273	27063	26287	200539	8557	29114	6876	8407	4582	4585	10071	57876	4584	140453	56667	143662	94025	200958	394263	100507679	4583	727897	4586	4588	283463	4589	10981	23682	9905	53917	4943	22931	57136	613	29	392	1123	1124	394	395	90627	9754	10395	23779	553158	64333	79658	89839	9824	201176	94134	55843	55114	93663	343578	79822	84986	57569	58504	83478	9938	9411	257106	57514	9743	115703	2909	158763	80728	4983	143872	23616	9912	23526	51291	117289	85360	84144	29127	10928	4649	4650	91544	9138	9181	10276	50650	50649	221178	7984	9459	8874	23229	9639	55160	9826	23365	11214	4168	23101	23263	22899	27237	9828	23370	128272	7204	8997	115557	25791	64283	84033	1894	23268	389337	54848	84904	55701	1793	1794	1795	9732	80005	85440	57572	81704	139818	23348	55619
04121	Ubiquitin system	7314	7316	7311	6233	10537	4738	2197	9636	6612	6613	7341	387082	11337	23710	11345	9140	81605	51569	93550	7317	10055	10054	9039	8883	27304	79876	7318	55236	10533	7319	7320	11065	51619	7321	7322	7323	10477	7324	7325	7326	7327	7328	51465	118424	3093	7332	9246	389898	7334	63893	55585	92912	134111	54926	997	27338	29089	148581	55284	65264	57448	7329	140739	9040	64422	83734	51506	7337	89910	9690	90025	57154	64750	83737	11059	11060	9320	4734	23327	10075	9870	51366	55632	8925	8924	8916	26091	57531	23072	57520	25831	143279	79654	283450	80762	54602	23138	9354	10277	10273	23759	27339	5930	22888	56254	9810	867	868	23624	6477	6478	84708	222484	23024	29951	55016	220972	51257	115123	57574	92979	441061	54708	10299	64844	162333	4193	4194	4799	152518	57162	246330	57161	5192	5193	5828	5071	54467	25820	10425	10616	9604	25897	127544	55072	80196	117584	9781	255488	165918	254225	138065	54476	154214	7186	7188	7189	84231	11043	10612	23321	89122	85363	10346	117854	445372	53840	81786	81603	114088	440730	10107	81559	10206	9830	89870	10626	51127	4281	6737	373	8805	7706	7726	5987	10155	23650	11074	22954	51592	23087	55521	4591	10475	56658	202658	135644	90933	287015	399939	57093	642446	646754	653192	729384	79097	84767	120146	129868	283116	390231	642612	54765	80263	80128	91107	375593	378108	135892	84851	57159	84675	81844	25893	286827	166655	391712	55223	84676	201292	9866	55128	140691	131405	493829	197131	23304	130507	23352	55148	267	326	51283	329	330	331	79444	8315	672	79872	57820	55743	4850	149095	113878	151636	1840	196403	23220	9666	55120	56888	90678	26046	4214	399664	51320	84206	92312	23295	57534	142678	23608	23609	7681	79594	23077	29116	54492	9148	93082	378884	79596	64219	9867	56852	5896	25898	149041	54542	64326	55159	6045	6015	6047	6048	91445	6049	9025	9921	26994	51132	11342	64320	79102	152006	22838	10193	54894	7844	54778	7732	140432	55905	27246	55658	55298	285533	79845	63891	54941	79589	55819	168433	84282	51444	11236	153830	81847	284996	220441	114804	494470	115992	26001	81790	285671	51255	221687	54546	149603	57674	55182	51136	9092	257218	57630	153769	344558	6596	84447	92305	10210	10293	7267	29128	115426	64718	90850	158506	80829	84937	223082	84133	148066	151112	23338	1877	197370	26145	64207	9978	5903	8554	9063	10401	51588	5371	8535	286053	285498	100507650	9189	26036	51191	55008	23376	54165	55208	123879	23142	84259	8454	6500	8945	23291	26190	6468	54461	55294	26259	84261	10517	374286	285231	6502	25827	84961	26224	26235	26234	26233	23194	55336	84678	22992	54850	222235	144699	79176	146330	64839	80028	54620	283807	899	26232	26273	26272	26271	26270	25793	26269	26268	26267	80204	201456	157574	115290	84893	4008	23014	26263	26262	26261	26260	114907	126433	23219	84085	79791	254170	55030	130888	81545	162517	51725	150726	54455	286151	93611	200933	23403	494188	554251	8453	6921	6923	7428	122769	56929	55527	10116	10513	23588	116138	23008	440590	10444	79699	23053	8452	57626	56062	51088	11275	26249	89857	55975	57563	55958	90293	317719	55175	59349	57565	80311	8139	339451	23276	9817	27252	9903	84861	151230	100526832	54800	283212	64410	8507	55295	3652	54813	114818	377007	401265	114792	123103	257240	79786	340359	25948	143879	55709	131377	10324	89890	84078	84541	9920	166348	390594	53339	55643	90135	22903	55727	284697	114781	84280	121551	84464	64395	64396	138151	112939	118663	22890	57621	79842	57659	9925	10773	201501	51341	51043	653121	728116	221504	65986	27107	221527	7704	7709	26137	9278	9841	7597	57684	27033	10009	403341	84614	253461	9880	9923	360023	23099	29068	84878	140685	92999	3104	80325	25841	23221	9886	22836	7126	83892	253980	284252	79047	23510	54442	79734	51133	200845	154881	65987	115207	386617	57528	54793	147040	130535	283219	56616	8405	339745	8216	8450	8451	1642	1643	1161	55070	79016	51185	26133	9730	51514	26094	285429	138009	8816	55827	10238	50717	139425	347442	23038	79269	80344	25853	139170	340578	25879	55023	90379	54876	80067	254065	54014	80232	55100	79968	9616	8065	1154	8651	8835	9021	122809	9655	30837	9306	51665	51676	51130	100302652	51666	140458	140459	140460	140461	140462	136371	140456	142689	79754	142686	142685	92591	127247	401036	26118	55884	80176	92369	84727	90864	57799	282808	142684	10966	10489	89970	122416	122773	9820	23113	51529	29882	991	51343	64682	996	29945	51433	8881	51434	8697	10393	246184	25847	25906	119504	675	79184	580	9577	5888	10422	81858	64777	64795	10048	57610	25852	4289	10296	79018	54994	51646	83590	79089	10613	11160	55716	337867	55832	23066	150684	51122	23412	54939	28991	170622	149951	54951	29099	51397	28952	65992	11146	10625	26043	135138	55833	9898	7345	8314	7347	51377	1540	7398	9099	9960	7375	8237	8975	8078	84669	9098	7874	9101	23358	8239	8287	9100	64854	219333	9097	9958	85015	10600	728400	728405	728419	377630	728369	728373	728379	728386	728393	100287513	100287327	100287178	100287144	100287205	100287478	100287441	100287404	100287364	100288520	100287238	645836	392188	401447	645402	392197	11274	10869	10868	23032	27005	23326	158880	389856	29761	83844	57695	57663	57646	84749	57478	9736	57558	84640	57602	84132	55230	124739	25862	84101	55031	84196	55611	78990	23252	55593	139562	51633	161725	56957	90268	7128	80124	54764	4287	92552	126119	9929	54629	55793	80013	84182	646951	114803	84954	10213	10617	57559	51029	221302	23172	29086	29843	59343	26168	205564	26054	57337	123228	27351	10208	2873	9318	8533	51138	10987	10980	50813	64708	10920
03051	Proteasome	5687	5683	5685	5688	143471	5686	5682	5684	5694	5695	5691	5690	5693	5689	5692	5696	5698	5699	122706	5701	5700	5704	5706	5702	5705	5708	5707	5709	5715	5718	5717	9861	5713	5719	5710	10213	5714	11047	7979	5711	5716	5720	5721	10197	23198	9491	51371	8624	56984	84262	389362	3646	3312	3303	3305	3304	3310	3306	3320	3326	3458	28987	56902	5887	5886	29979	29978	50613	56893	143630	414301	84301	23392	80227	29893
03032	DNA replication proteins	4998	4999	23595	5000	5001	23594	81620	990	4171	4172	4173	4174	4175	4176	890	8900	898	9134	1017	8317	10926	80174	9837	51659	64785	84296	11073	9401	8318	84515	254394	55388	92797	63901	51550	27085	90381	5422	23649	5557	5558	5426	5427	54107	56655	5424	5425	10714	57804	5428	11232	6117	6118	6119	29935	5981	5984	5982	5985	5983	246243	10535	79621	84153	5111	1763	2237	9156	84083	3978	79915	1786	1788	1789	51053	345643	891	9133	85417	983	25913	7013	7014	26277	54386	65057	283847	145645	283129	80169	79991	100134934	23293	23381	7015	7011	54433	55651	55505	1736	6628	6632	6633	6634	6635	6636	6637	4361	10111	4683	472	7486	641	5591	2072	142	10038	10039	143	8658	80351	54984	51750	9894	79002	55183	80119	5813	29942	55135	163859	51507	7150	116447	7155	7153	7156	8940	6742
03036	Chromosome and associated proteins	8243	27127	9126	5885	10735	10274	25836	23383	23244	23047	114799	157570	63922	54921	79075	5984	5982	5985	5983	8914	54962	63967	1663	11169	113130	8260	84779	80155	79612	80218	9985	10734	23063	6847	10388	50511	93426	256126	644186	56159	56158	317761	472	56979	11105	2130	23626	79703	101928601	283677	256006	150365	84072	150280	339834	254528	84690	11144	164045	4438	4439	285498	100507650	8971	3010	3005	3006	3007	3009	3024	3008	3014	8338	85235	221613	92815	83740	3012	8335	55506	9555	723790	55766	474382	8336	8337	8969	317772	94239	3013	3015	8330	8334	8329	8331	8332	474381	115482686	8341	8345	8342	158983	255626	440689	8348	3018	8339	8340	8347	3017	8344	8346	8349	8970	85236	128312	8343	286436	114483833	54145	440093	3021	8351	8352	8350	3020	8290	126961	333932	653604	8353	8354	8355	8356	8357	8358	8968	121504	554313	8294	8360	8361	8362	8363	8364	8365	8366	8367	8368	8370	8359	8369	4869	10361	10360	4673	4674	4675	4676	266812	728395	7259	7258	728137	100289087	64591	728403	728132	64061	23270	85453	388951	6418	646817	10036	8208	5928	6749	11198	25842	55723	146059	84529	4678	6830	7290	122953	4691	81611	50809	3159	8091	3146	3148	3149	127540	3150	3151	9324	10473	79366	10042	8520	8850	2648	1387	2033	6872	138474	10524	84148	11143	7994	23522	9329	8648	10499	8202	9575	253175	9426	9085	203611	124359	9425	8888	79829	79903	8295	8464	6871	10474	27097	6877	6878	10629	51616	6881	6883	9913	117143	93624	23450	6314	127002	222255	6873	6875	6874	6879	54457	54556	57634	10902	80314	26122	55929	8607	10856	10933	86	71	60	8089	9643	55257	64769	51147	84289	79960	23338	9767	7862	23774	27154	55578	100130302	170067	56970	112869	23326	158880	389856	1105	56943	26009	57325	1810	51562	11091	54554	55689	284058	54934	55683	51105	51230	8473	10445	3054	339287	55167	10943	151507	54799	3065	3066	8841	55869	9759	10014	10013	51564	9734	83933	23411	22933	23410	23409	23408	51548	51547	79885	25942	5931	64426	8819	79685	10284	79595	100316904	5926	51742	25855	84312	3621	3622	58516	10362	23028	23186	51317	9203	9202	7750	7764	23199	2969	5978	23309	283248	55758	6595	6597	10919	79813	3635	3306	146212	91748	116092	55809	84215	9611	9612	2874	6907	90665	79718	57763	23253	29123	168400	4661	23040	9325	84225	10363	23181	56946	57649	55870	84444	2145	2146	4297	8085	58508	9757	55904	64324	7468	54904	7799	2122	93166	56978	59335	63976	23067	9739	29072	54093	79918	80854	387893	9869	83852	6419	56950	64754	150572	6839	79723	84787	51111	3276	3275	10196	10498	55170	56341	10419	90826	54496	30827	5929	80335	9070	84661	29915	4221	23054	22976	79447	7403	4298	4300	4302	8028	221656	84678	22992	55818	51780	23081	55693	9682	23030	390245	100129053	5927	8242	8284	10765	23135	7404	80853	222194	54665	55806	5253	23133	79697	84864	221037	23210	100137047	3720	54790	200424	6045	6015	7703	648	100532731	84733	8535	23466	23492	57332	1911	1912	80012	6322	10389	22955	57713	51460	84759	23429	10138	54880	63035	6500	10336	84333	1460	26053	64319	57666	10238	84108	1876	7027	4149	23269	26013	84456	83746	91133	11335	8726	23512	5252	22823	26147	100170841	84458	121536	8314	171023	55252	80816	7528	404281	55777	114785	3607	221937	256380	90378	344658	148398	29115	4837	81550	29128	8815	140836	9733	55209	26040	10771	57798	54828	55063	152098	55100	23013	54969	8409	148479	9678	10592	10051	23397	9918	64151	29781	23310	54892	7155	7153	1104	1102	55213	1058	1059	1060	1062	1063	64946	2491	55835	64105	91687	79019	55839	79172	401541	55166	23421	378708	100526739	80152	79682	201161	387103	332	55143	3619	9212	57082	79003	79980	25936	11243	100527963	10403	83540	147841	57405	54069	11339	55355	284257	91272	8379	4085	10459	701	699	9184	9735	9183	55055	1778	79659	1780	1781	1783	51143	51626	84643	11004	347240	3796	6795	7272	5594	5595	5347	4751	54821	9319	10726	9587	220134	348235	221150	90417	54908	126353	151648	151246	5515	5516	5519	5518	5520	5521	5522	55844	28227	55012	5523	5526	5527	5528	5529	5525	10951	23468	4204	4152	8932	53615	8930	10009	546	1786	1788	1789	29947	1107	1108	55729	80063	3930	57167	6299	6297	27164	54737	51535	23272	23394	27245	283489	23126	23347	55791	100506736	55106	79968	23405	192669	26523	192670	27161	143689	440822	55124	9271	1654	6894	221400	23424	56163	56165	100129278	11022	163589	122402	91646	136991	54514	54456	84944	27327	23112	57690	54464	55802	1656	201164	113802	90459	112479	79033	54487	29102	6895	8575	57510	4343	90326	55145	83591	51078	168451	199745	152815	80764	79725	56906	57215	203245	283254	80212	899	9738	126731	95681	55165	79959	9731	153241	145508	9662	22897	9859	283638	11190	1068	1069	1070	54875	116840	10841	219844	85444	51199	22981	4957	8481	142	10038	10039	143	5116	8399	26279	30814	50487	64600	81579	84647	5319	5322	5320	391013	25886	282809	133039968	134359	163786	10806	9814	152185	57519	10210	585	55722	80184	27185	123811	29911	84376	50855	84552	84612	5108	10464	55857	117178	22994	64770	55755	84902	90799	23259	11116	55282	121441	4946	9659	8658	80351	890	8900	891	9133	85417	898	9134	92002	6790	983	1017	1453	1454	102800317	83903	2932	3611	3932	10769	10733	6093	9475	23235	5566	5567	5568	10142	22881	136647	27175	7283	10844	10426	27229	114791	85378	653784	80097	10376	7277	7278	7846	84790	51807	112714	113457	79861	84617	203068	81027	7280	10381	10382	347688	347733	10383	260334	51174	51175	1639	10540	11258	51164	84516	10671	10121	10120	55860	23172	29086	79184	9577	6249	23122	23332	1641	10982	22919	22924	79969	122060	57606	4752	341019	11076	51673	79096	146909	83742	115106	55142	79441	54930	23354	54801	55559	93323	810	805	808	801	163688	51806	91860	994	79598	22995	6491	672	580	29789	55125	8945	23291	5901	7514	338657	26057	404734	54882	9639	55160	675	84446	9024	993	995	81620	26973	51340	54461	1647	4616	10912	2800	89782	4174	4998	4999	23595	9055	29127	29901	85459	22891	54820	81565	23345	23224	161176	163183	23353	25777	256979	6676	140732	147872	9820	83987	23363	230	226	229	7840	57679	324	10297	402	23568	259266	8313	598	92558	146439	282991	26005	80071	91057	729440	84318	124093	11007	92922	79839	54535	998	1000	1012	999	80817	9702	285753	80254	23177	84131	51134	64793	387119	201134	9857	51363	150468	26586	11064	79848	1739	9229	23265	118611	2319	10211	8924	4171	4172	79648	10198	89796	84461	5076	56147	56135	56142	56134	56136	56137	56138	56139	56140	56141	56145	9752	56143	56144	56146	10630	117177	5866	4218	8636	284403	49856	23005	10615	9851	63979	51490	79000	84984	80321	9793	51637	1434	9787	81610	29899	3832	10112	9585	9493	3833	3836	3838	402569	23633	3841	3837	55700	79649	4926	79023	348995	79902	4928	57122	55746	23279	23165	55161	6252	6253	10313	57142	5048	8480	55171	84260	22974	5314	10783	140609	91754	79998	84722	55612	51203	55137	9232	10744	754	102723899	9700	64682	29882	996	29945	51433	8881	51434	8697	10393	51529	246184	25847	25906	119504	991	8994	84962	126374	54998	79866	4739	5504	153743	80316	5058	7157	6867	10579	10460	1263	26271	286151	6598	6599	6601	6602	6603	6604	6605	51412	9275	9274	605	57492	8289	26039	6760	8193	8110	5977	196528	55193	29117	55274	65980	29998	23506	8467	11177	54108	54107	51773	9031	9188	7913	2074	283446	4430	4542	4640	4641	4642	4643	64005	10514	23451	11176	29994	9219	9112	57504	54815	57459	84295	8099	10263	6594	2186	124944	27443	10847	64431	10467	6944	54617	83444	125476	54891	283899	29844	4798	79913	93973	9894	9675	6046	8019	23476	676	1106	26038	84181	55636	57680	80205	9557	140690	10664	56916	50485	3070	83879	55536	254048	29855	23141	6304	23314	10472	100128927	55249	22880	27136	23515	79710	57805	7798	114825	170394	152485	55206	22904	25821	80224	11153
03400	DNA repair and recombination proteins	4255	121642	221120	10973	7374	10309	6996	4350	23583	4595	8930	4968	79661	252969	55247	4913	328	27301	5424	5425	10714	57804	5426	5427	54107	56655	5111	2237	3978	5423	7515	3980	55775	54840	200558	11284	3146	27343	142	10038	10039	143	7508	5887	5886	1069	9978	8450	8451	1642	1643	5430	5431	5432	5433	5434	5435	5436	5437	5438	5441	5439	548644	246721	5440	1161	2074	57654	84337	2071	2068	2965	2966	730394	728340	2967	2968	404672	1022	902	4331	6117	6118	6119	29935	7507	2067	2072	2073	100533467	64210	8452	8065	6921	6923	51224	6924	55833	9898	4436	4437	2956	5378	4292	5395	27030	5981	5984	5982	5985	5983	9156	79968	4361	10111	4683	672	580	84142	51720	29086	9577	79184	83990	11073	5932	675	79728	5888	5890	5889	5892	7516	7517	5893	201299	8438	23132	25788	5965	7486	641	9401	9400	7156	8940	80010	116028	5531	9989	151987	55671	57223	139420	57718	91056	55745	55317	9907	23137	79677	151354	197370	286053	56160	54780	493861	84250	55719	146956	197342	55218	80198	7979	375757	119392	548593	79008	84464	348654	80208	23503	10635	10933	25939	63979	23514	157638	221927	755	84717	125150	126074	56946	11077	253714	4796	259282	55010	2547	7520	5591	3981	7518	79840	27434	1791	64421	51567	23347	139221	84939	286257	78996	339123	149840	54537	112441434	2175	2187	2176	2178	2188	2189	55120	57697	91442	80233	3280	378708	100526739	201254	29089	2177	55215	22909	9894	7398	57599	5537	22870	9701	55291	23243	91526	283373	9025	165918	254225	8924	55135	286262	55063	55100	5429	11201	51426	51455	5980	353497	7319	7320	56852	6596	7335	7336	389898	7334	83932	93953	5883	144715	3364	135458	5810	5884	8914	54962	63967	9675	80185	7917	8266	164153	51608	545	84126	472	7157	1111	11200	993	994	995	7534	7529	10971	7533	7532	7531	89797	7465	494551	5187	8864	8863	9656	5358	64782	1263	126520	341676	4750	6787	152110	79858	29980	163782	23189	256949	25959	100144748	91607	92421	9525	27183	84936	163859	10721	10514	201973	11277	11219	9937	64858	64789	284131	84083	126549	113510	375748	27339	988	10286	5356	55270	4521	79873	1854	6240	50484	6241	6742
03029	Mitochondrial biogenesis	4535	4536	4537	4538	4539	4540	4541	4519	4512	4513	4514	4509	4508	5442	7019	51106	64216	4528	219402	10102	7284	84340	85476	7978	80298	130916	51001	60558	10940	10775	51367	10556	10248	138716	54913	10557	10799	54931	3028	9692	118490	79736	100526740	26024	79810	55037	22907	55245	246269	91419	6832	51110	291	292	293	83447	51312	81894	115416	26284	8565	51067	51520	23395	55157	2617	57038	5917	55278	5188	283459	55149	201626	92170	84273	63899	387338	285367	84881	81554	51335	26995	22868	91574	55005	2926	196074	60314	51250	5428	11232	201973	2021	92667	9941	56652	80119	6742	83858	55210	84300	10294	10953	55288	3312	3303	3305	3304	3310	23746	9049	10452	84134	9868	56993	387990	9804	54543	100188893	401505	25813	7416	7417	7419	345778	4580	10651	80179	51309	9823	51566	54470	64757	54996	26520	26519	26515	1678	26521	26517	131474	2671	440574	10989	125988	54927	84303	79135	139322	29928	100287932	100652748	10245	10440	29090	92609	90550	10367	221154	55013	91689	63933	3954	196294	83943	84233	347411	51660	25874	400916	10469	3313	134266	80273	131118	51025	23203	9512	4285	3329	3336	9093	132001	728489	23474	26073	1385	6667	7528	404281	2553	126626	4899	4780	4490	4493	4494	4495	4496	4499	4501	4502	4489	645745	4504	84560	10891	133522	23082	23373	1387	2033	9054	23479	57128	2395	2230	112812	2232	150274	64374	51218	81689	122961	200205	27247	51027	388962	81855	94081	118980	119559	94097	1374	1375	126129	55526	26235	3054	29915	3064	2101	2103	2104	8204	5562	5563	9361	23411	84947	8409	84808	51103	91942	25915	29078	79133	137682	55471	284184	55863	51295	28976	80224	55572	84816	51300	644096	54949	617	54902	90624	790955	283951	440957	728568	647087	152100	56942	55744	28958	51287	493753	388753	65260	1352	1353	84987	1355	51241	10063	285521	90639	116228	100131801	100303755	5018	6834	6341	9997	51204	10128	84334	79064	64756	91647	54968	9556	84833	55669	9927	4976	80207	51499	55486	578	581	10059	51024	6612	6613	7341	387082	51100	23787	23788	56947	54332	78997	10493	125170	54471	201164	374986	84895	71	60	51126	80018	5245	11331	3895	4644	4645	55930	331	56616	83891	51537	7818	4734	55074	55154	23130	55102	64422	115201	23192	84938	84971	9474	8678	441925	10533	11337	23710	11345	285973	79065	83734	9140	22863	55054	89849	26100	55062	5071	10193	23274	65018	8878	8887	10241	55626	9776	8408	9706	9821	3320	3326	11140	57154	64750	665	139341	440738	81631	84557	643246	392288	4077	25851	53349	80347	8398	83636	65991
02000	Transporters	19	20	21	24	10347	26154	154664	23461	23460	10351	10350	10349	6890	6891	11194	23457	23456	5243	5244	340273	10058	22	8647	4363	1244	8714	10257	10057	368	89845	85320	94160	1080	6833	10060	215	225	5825	5826	9619	64137	9429	64240	64241	6505	6506	6507	6509	6510	6511	6512	6513	6514	6515	6517	6518	11182	155184	29988	56606	81031	66035	154091	114134	6519	6520	6521	6522	6508	8671	57835	9497	9498	83697	57282	83959	6523	6524	6526	6527	6528	8884	60482	159963	160728	200010	125206	115584	6529	6530	6531	6532	9152	6536	6533	6534	6535	6538	6539	6540	11254	55117	54716	348932	388662	28968	340024	6541	6542	84889	6545	8140	9057	9056	23428	11136	56301	23657	157724	57709	6546	6543	6547	6548	6549	6550	389015	6553	10479	84679	23315	285195	285335	284525	133308	150159	6554	6555	8273	347051	201780	345274	84068	6556	4891	6557	6558	6559	6560	9990	57468	10723	84561	56996	26266	6561	284111	64849	9058	6563	8170	6564	6565	51296	121260	729025	6566	6567	9123	9122	9121	9120	9194	23539	220963	117247	162515	387700	201232	151473	10786	6568	10050	10246	26503	57084	246213	57030	63910	6570	6571	6572	6573	80704	10560	6574	6575	6579	28234	10599	115072896	53919	6578	11309	28232	28231	353189	81796	133482	6580	6582	6581	6584	6583	9356	10864	9376	114571	283238	387601	387775	55867	116085	9390	9389	55356	85413	51310	5002	63027	9963	9962	151295	9187	25769	57419	123041	283652	80024	6576	10166	83884	5250	291	292	293	83447	7350	7351	7352	1468	8402	10165	8604	9016	253512	8034	10478	79751	83733	60386	123096	788	89874	79085	114789	29957	284427	115286	9481	51312	81894	81034	84275	55186	284723	399512	54977	55972	51629	284439	203427	9673	283130	283600	91137	153328	92014	147407	23787	23788	10861	1836	1811	5172	375611	65010	115111	116369	115019	284129	376497	10999	11001	11000	10998	28965	64078	9153	9154	55315	2030	3177	222962	7779	7780	7781	7782	64924	148867	55676	169026	10463	55532	81615	1317	1318	140679	9197	6569	10568	142680	23443	10559	7355	113829	55032	10237	347734	51000	84912	55343	51006	340146	11046	23169	85019	79939	728661	55508	339665	54733	222553	148641	341880	80255	206358	153201	120103	285641	54020	219855	84255	2542	81539	54407	10991	55089	92745	145389	55238	146167	153129	124565	151258	29986	29985	27173	55630	283375	25800	7922	64116	55334	57181	201266	221074	91252	23516	30061	54946	84102	254428	6005	57127	51458	8501	124935	29015	23446	80736	204962	57153	126969	51151	57210	50651	85414	113235	57864	283537	146802	55244	55652	28982	55640	84925	84179	55974	200931	123264	55065	79581	113278	347411	51660	25874	81855	94081	118980	119559	94097	123606	152519	348938	79815	57185	81614	84061	7991	56172	4864	29881	54896	80148	130814	91749	81622	79157	124976	201305	83985	84975	22987	9899	9900	256471	4284	358	359	361	362	363	343	282679	375318	653437	360	364	100509620	366	89872	6006	6007	221357	2939	2941	119391	2948	2953	2952	2947	4257	4259	2944	2949	4258	2938	2946	2940	9446	653689	25774	2950	27069	79838	11322	147138	79905	117532	342125	117531	147798	55362	57156	9725	664	665	598	581	578	599	2697	2700	2701	2703	2705	2706	2707	10052	57165	349149	57369	219770	100126572	24145	56666	116337	5348	486	5349	53828	53827	53826	57380	23155	931	2206	51338	219995	54860	643680	728588	83661	932	245802	64231	64232	58475	341116	84689	51463	653519	7439	54831	144453	266675	80727	94015	57348	5350	6588	100507027	100507537	401152	4826	6786	57620	55151	79041	91862	90550	84286	10186	340596	10184	222662	375323	375612	255022	51063	119395	8800	8799	92960	54499	4151	58157	114757	92736	347741	133060	26507	26505	54805	26504	100130933	55248	83862	144404	25813	3263	219972	1071	5360	6622	6620	6623	1672	1673	100289462	414325	55894	140596	644414	81623	503618	503841	504180	245915	140850	613211	613210	400830	503614	245938	245930	245936	641517	140881	613209	100129216	100133267	117285	245908	245909	245910	245927	245928	245929	245932	245934	245911	245913	245937	245939	245940	5179	5173	284110	55876	56169	79792	1687	84896	84879	388931	126321	10577	285521	55002	4948	439	91869	64220	9213	3954	55858	7504	114879	114882	57130	401505	100188893	54543	387990	9804	56993	10452	84134	9868	1678	26521	26520	26519	26515	26517	10245	10440	29090	29928	100287932	100652748	10469	92609	131474	7485	819	1534	79901	220002	11068	2040	9399	30968	161003	7827	9368	9351	9365	152831	8519	10581	387733	402778	10410	112476	80863	641649	79953	646658	10175	149111	254263	29097	10280	375346	100526772	9854	25966	51669	259236	154215	79570	286183	128414	56910	10809	252839	706	29100	6397	730005	9717	284904	266629	23541	90407	440026	7276	2348	2350	2352	79714
02044	Secretion system	1635	6729	5018	29927	55176	10952	23480	7095	11231	6726	6727	6728	6730	6731	6734	58477	22872	25956	10016	310	311
02042	Bacterial toxins	8692	3373	6677	23553	8372
02022	Two-component system02035	Bacterial motility proteins03037	Cilium and associated proteins	582	583	585	129880	55212	123016	27241	84100	92482	54585	8195	79738	166379	6950	10576	7203	10575	22948	10694	57728	9742	79809	55764	57539	112752	8100	28981	80173	150737	92104	51098	56912	11020	51668	64792	26160	57560	55081	26146	23059	90410	79659	51626	255758	89891	55112	11127	9371	57576	22920	54903	54806	200728	91147	84314	51259	219854	79583	65062	26123	79600	79867	27077	80776	23322	57545	79770	4867	27130	27031	261734	9657	80184	84662	149069	728597	51473	23090	65250	79363	80199	27152	51057	2121	132884	84455	23288	4647	10083	64072	65217	124590	7399	84059	25861	4354	8573	9732	257629	83878	9497	79955	10518	119467	645104	7401	91978	25941	54839	84276	25809	26140	164714	9654	23093	284076	440307	79739	158135	7840	203286	23568	403	200894	80210	22994	25776	1627	27185	22873	199221	339145	137392	317662	25854	84140	123811	22858	341676	4750	6787	284086	8481	5108	128344	114928	100528062	5314	25886	282809	133039968	25930	25914	49855	10807	10806	51684	202018	283232	51524	165186	23116	84984	95681	84131	9731	79848	112942	257177	755	55704	285331	80323	90060	51134	84902	22897	85302	132320	9738	79598	9662	26005	9696	157657	150082	167691	201255	192668	5310	5311	168507	9033	11159	11158	353116	196383	5961	388939	768206	343035	5995	8787	388531	6094	7289	7287	7275	7288	94137	6101	6102	6103	57096	4117	10210	8636	9786	22852	79989	197335	25981	55567	146754	56171	1767	1768	1770	8701	201625	127602	1769	196385	8632	27019	64446	126820	79819	7802	83544	10126	83658	83657	8655	140735	6993	6990	6991	343521	200132	1068	55259	123872	55172	352909	161582	54919	139212	51364	146562	25943	116143	23639	115399	6674	55011	120379	8607	10856	164781	51314	56683	85016	54970	348807	146849	387885	80217	55779	160762	93233	55130	115948	83538	79645	55329	339829	55036	83659	27285	64518	150483	146279	92749	85478	83450	2622	202500	222235	84229	84288	84223	115811	79781	89765	83861	345895	81492	221421	222967	728194	83853	285755	27156	374407	8382	26074	89876	144406	388389	22832	29105	146845	220136	149465	118491	154313	283726	158297	80127	158798	114327	27148	440585	64800	219681	26150	158787	200403	146177	23331	56	81833	124912	171169	147650	122258	11092	54586	284359	390243	928	284067	9576	79582	200162	90835	9940	136332	26292	25790	54777	286464	144535	159686	255101	79846	85452	402160	286207	200373	255119	56964	25876	79925	54768	83449	132851	55064	54558	55812	83893	128153	6676	140732	220082	374355	57821	1235	1672	84569	119180	389852	57151	729201	131375	133558	339766	255394	6954	100996631	100996648	55346	4735	10801	124404	55964	5414	23157	55752	23176	989	10566	8852	401024	84071	26256	84075	130540	80705	53340	4956	4957	113746	161753	440836	284451	146852	114822	54763	152015	117144	117155	347732	378807	79820	57828	257062	257044	25858	11057	219621	85438	285588	219670	84073	136242	84074	146310	285335	284525	133308	150159	81892	50511	56159	56158	56157	56156	100129520	100132015	56155	56154	400629	647310	171482	171483	171484	114960	122664	81629	83942	83983	23617	283629	60385	199223	83894	255220	164684	130951	100131755	63035	144132	80726	199720	9083	442868	442867	442862	9081	161497	339768	83715	140469	53904	2059	79574	54869	64787	29899	8555	8556	168448	634	90273	1084	1089	1048	4680	1087	1088	388551	729767	125931	1364	1365	1366	149461	10686	23562	24146	26285	49861	5010	51208	53842	7122	9071	9073	9074	9075	9076	9080	137075	100288814	644672	100132463	9069	53405	1312	220074	115908	55531	255520	84173	389207	643226	9456	9455	9454	10186	340596	10184	222662	375323	375612	125336	118812	340990	283310	374462	79567	140876	9750	57465	7007	116804918	6975	79838	11322	147138	79905	117532	342125	117531	147798	11344	5756	55591	54084	57688	93035	11190	25911	23247	55761	153657	64927	143941	127733	55717	375307
04812	Cytoskeleton proteins	58	59	70	72	71	60	10121	10120	64431	55860	283446	4430	4542	4640	4641	4642	4643	64005	140469	53904	4644	4645	55930	4646	4647	4648	4649	4650	4651	51168	80022	23026	399687	84700	80179	4619	4622	4626	4620	4621	57644	22989	8735	4625	4624	4627	4628	4629	79784	4632	4634	4635	140465	4637	4633	4636	58498	10398	93408	103910	10627	29895	10095	10552	10109	10094	10093	10092	81873	10097	57180	653857	10096	7454	8976	8936	10163	10810	342184	56776	1729	1730	81624	23002	23500	114793	752	91010	85462	29109	80206	64423	392862	345456	5216	5217	375189	7114	9087	9168	11013	286527	122394733	1072	1073	11034	729454	126206	102723796	7088	7089	7090	7091	79816	154288	441161	2934	85477	7429	10677	6840	2314	7430	5962	4478	4771	2035	90167	822	829	830	93661	832	92241	29765	29766	29767	7111	7168	7169	7170	7171	7134	7125	7135	7136	7137	7138	7139	7140	87	81	89	88	29119	1495	1496	1756	7402	2316	2317	2318	6708	6709	6710	51332	57731	6711	6712	157922	23271	57662	7414	60312	83543	199	6624	25794	29999	8522	55607	84687	11151	57175	23603	84940	7464	10391	79585	100529144	9499	84665	23022	4604	4606	2620	10634	246176	283431	54443	119	118	120	800	23242	2017	3059	2038	8826	10788	128239	10296	29780	55742	64098	5357	3936	5358	286187	134549	357	57619	57477	7082	7273	8557	23307	7408	442721	25802	56203	145781	100820829	51474	4653	92521	23384	84193	11078	79983	91624	57224	4810	340527	388939	22902	10529	58529	51778	91977	284325	202	55057	131544	3857	3858	3859	3860	3861	3866	3868	3872	3875	3880	3881	3882	3883	3884	3885	3886	125115	390792	25984	147183	162605	192666	342574	54474	8687	8688	8689	353288	112802	319101	374454	3848	3849	3850	3851	3852	3853	3854	3855	3856	3887	3888	3889	3890	3891	3892	121391	140807	196374	286887	338785	51350	9119	144501	1674	2670	5630	7431	9118	4747	4741	4744	81493	4000	4001	84823	10763	23336	631	8419	286	287	288	1832	667	2125	388698	2312	4014	5493	5317	5339	5310	7062	286077	7112	221496	23592	10376	7277	7278	7846	84790	51807	112714	113457	79861	84617	203068	81027	7280	10381	10382	347688	347733	10383	260334	27175	7283	51174	51175	23095	547	10749	84643	11004	347240	3796	11127	9371	3797	24137	285643	3798	3799	3800	221458	64147	374654	3832	113220	23303	63971	9928	56992	55614	57576	81930	146909	124602	10112	9585	23046	55605	3835	9493	3834	26153	55083	55582	3833	3801	90990	147700	3831	64837	89953	3925	50861	81551	11075	84056	11104	83473	10300	6683	55137	2009	24139	256364	27436	161436	25981	55567	146754	56171	1767	1768	1770	8701	201625	127602	1769	196385	8632	27019	64446	126820	79819	7802	83544	10126	1778	79659	1780	1781	1783	51143	51626	8655	140735	83658	83657	6993	6990	6991	343521	200132	123872	55172	352909	161582	54919	139212	51364	146562	25943	116143	23639	115399	6674	55011	120379	164781	92749	1639	10540	11258	51164	84516	10671	10844	10426	27229	114791	85378	653784	80097	121441	9793	6249	7461	25999	79745	23122	23332	122060	57606	64400	51361	29911	84376	729830	84067	57700	64760	10982	22919	22924	324	10297	4130	4131	55201	4133	4134	4135	9053	79884	55262	440738	81631	84557	643246	392288	4137	94137	6101	1641	114327	89795	283234	25809	83887	9654	23093	284076	440307	79739	164395	158135	91978	25941	54839	84276	26140	164714	254173	23170	150465	83659	27285	64518	150483	146279	2011	4139	4140	57787	440145	9055	84688	89765	345895	81492	221421	23499	51072	55966	6902	1155	6903	6904	6905	219899	26128	256714	57609	26151	26115	85461	10801	124404	55964	23157	55752	23176	151011	346288	1731	4735	5414	5413	989	8554	6612	6613	7341	387082
04147	Exosome	3105	3106	3107	3134	3135	3133	928	967	975	3688	4240	3383	71	60	1072	1073	1778	7430	4478	283446	4430	4542	4640	4641	4642	4643	64005	345456	5216	5217	375189	5962	3312	3303	3305	3304	3310	3320	3326	230	226	229	2027	2026	2023	2597	5232	5230	5315	5478	1800	64180	64174	5052	7001	10549	10015	7251	1192	6386	27111	2770	2773	2771	2783	7534	7529	10971	7531	7533	7532	1915	1917	1938	301	302	308	309	375	1213	8218	10938	30844	2665	2664	2319	10211	3108	3109	3111	3112	3113	3115	3117	3118	3119	3122	3123	3125	3126	3127	914	919	951	960	963	966	3732	942	976	10098	340348	93185	3482	3483	949	6520	3674	3675	3676	3678	3655	3679	3685	3683	3684	3689	3690	3695	81533	83986	10519	83706	120114	2195	2196	29780	55742	64098	7408	10097	57180	653857	10096	10486	10487	829	830	93661	832	822	1759	26052	10059	2316	2934	85477	3798	3799	3800	5245	4735	23157	55752	23176	989	10801	124404	55964	6449	6810	8417	23673	6814	7094	83660	10376	7277	7278	7846	84790	51807	112714	113457	79861	1155	10844	10426	7431	3309	3329	3313	6950	10576	7203	10575	22948	10693	908	10574	47	983	2194	2821	2805	137362	1803	5515	5516	9104	2237	156	157	3614	3615	6233	55832	23071	51160	57132	5119	27243	128866	29082	79643	7317	8975	8078	5682	10197	9491	7284	3646	8665	1973	1974	307	310	311	476	477	478	480	2778	2782	54331	2787	2788	10672	5901	4893	5861	81876	5862	5868	5869	5878	7879	4218	51762	10890	9230	201475	51552	23011	11021	5879	5908	387	391	378	382	10146	116983	23527	9744	397	396	398	8826	9961	26958	22820	11316	11151	25932	8773	1445	5594	5595	4074	7037	7102	9375	9777	56889	5048	5754	7415	1604	3094	84681	3181	3014	8338	85235	221613	92815	83740	3012	8335	55506	9555	723790	55766	474382	8336	8337	8969	317772	94239	3013	3015	8330	8334	8329	8331	8332	474381	115482686	8341	8345	8342	158983	255626	440689	8348	3018	8339	8340	8347	3017	8344	8346	8349	8970	85236	128312	8343	286436	114483833	54145	440093	3021	8351	8352	8350	3020	8290	126961	333932	653604	8353	8354	8355	8356	8357	8358	8968	10541	1267	4155	4340	5354	1356	6507	290	10409	929	998	1508	2207	343413	3958	4023	6566	6281	7168	5357	3936	3694	2059	79574	54869	64787	10223	548596	1160	1152	1159	160287	92483	3939	3945	3948	4224	3857	3858	3859	3860	3861	3866	3868	3872	3875	3880	3881	3882	3883	3884	3885	3886	125115	390792	25984	147183	162605	192666	342574	54474	8687	8688	8689	353288	112802	319101	374454	3848	3849	3850	3851	3852	3853	3854	3855	3856	3887	3888	3889	3890	3891	3892	121391	140807	196374	286887	338785	51350	9119	144501	2054	6809	112755	6813	4072	213	348	432	720	721	100293534	1191	1211	2244	2147	2768	3039	3040	3827	3916	3920	10398	29895	10424	10857	5444	5445	5446	7905	92840	5864	84068	9429	23305	2182	2180	51703	2181	51129	2683	567	10384	10385	11118	11119	11120	114625	153579	696	79908	10917	1056	948	25884	55748	1446	1447	1448	2170	2348	2350	2352	51704	145864	4057	4282	4582	5284	123	8991	6569	10568	142680	2040	123036	7097	4070	7314	7498	7070	3672	3696	358	359	1311	7058	7059	7060	87	81	89	88	84617	203068	81027	7280	10381	10382	347688	347733	10383	260334	3315	39	38	1636	59272	11332	95	100526760	23382	10768	191	122481	205	26289	204	203	158067	353	415	427	435	445	10312	23545	50617	535	525	526	760	762	1428	5476	1075	1509	1491	23564	23576	1644	1807	1889	9718	110599583	1991	2028	2184	2203	8789	10841	2517	2519	486	2548	2584	2632	7841	2712	2710	2713	2720	2752	2937	210	3176	3242	3248	8997	3795	9365	3817	3816	120892	8801	8803	4069	4311	4353	4522	4669	5583	84105	5092	249	248	250	251	26227	5313	5351	471	5646	5645	5644	6697	10269	1200	7273	155382	137492	79720	55048	11267	84313	51028	25978	51652	100526767	92421	91782	10327	2495	312	3265	5865	9545	8766	5872	5874	10399	10788	128239	2776	2775	10681	55970	2767	5243	10060	8647	377	381	84100	81693	54862	200014	23607	1071	3075	3426	80781	1291	1292	1293	131873	256076	1314	1410	1475	1476	1471	1497	8029	8450	8451	1824	1832	8291	2202	30008	2243	2266	2512	2760	84059	3339	3557	3664	9445	81618	3728	51168	80022	4646	10397	4703	7827	11315	11235	5340	5621	5660	768239	22930	5950	6092	6102	6261	5054	710	2810	6519	6521	57835	6523	6524	340024	6557	6559	116085	5250	5172	8878	6812	252983	7007	116804918	7018	7369	6845	7414	7448	7450	5358	11045	7348	7380	10935	682	1382	2064	10553	1312	220074	1738	2108	2747	2746	2539	3028	153562	5034	2923	5738	11199	1364	1365	1366	149461	10686	23562	24146	26285	49861	5010	51208	53842	7122	9071	9073	9074	9075	9076	9080	137075	100288814	644672	100132463	9069	634	90273	1084	1089	1048	4680	1087	1088	388551	729767	125931	161	160	8519	10581	387733	402778	10410	3673	3691	59	70	72	1947	1948	1949	1956	11331	140465	4637	6902	356	8743	10103	10099	7106	7105	7103	81619	23555	6476	56667	8842	150696	4179	3146	3148	3149	54472	5265	2	404785	100287399	100288966	100996331	23784	317754	340441	388468	445582	641455	653269	653781	728378	810	805	808	801	163688	51806	91860	3959	3321	9398	7167	8667	1315	9276	389	5912	22800	53916	5870	51560	376267	83452	339122	2784	59345	10121	10120	86	4627	4628	4629	79784	2335	3956	103910	10627	5223	5224	441531	80736	204962	57153	306	653145	728113	4162	2315	6490	7306	26090	335	336	338	347	350	55156	718	1284	1286	1288	1282	1287	1285	23002	23500	2192	2199	3240	3486	3929	5004	5005	83483	100528017	6288	6289	6291	462	3053	406952	407019	407036	407053	406895	100302282	406896	100302238	406901	442890	442893	406959	406974	406976	406977	407007	407037	100313769	100302117	100302135	100302195	442901	442904	619554	102465696	693159	406904	406905	406922	406923	406906	406998	100126319	406999	406907	406909	406908	406881	406882	406883	406884	406886	406887	406888	406889	406890	406891	406885	406950	406951	406982	406991	407004	407012	407013	407024	407025	407030	407031	407032	407048	407049	407050	406893	406894	406899	406911	406912	406915	406916	406938	406947	406954	406995	406967	407008	442909	494336	407026	406942	406994	494328	574034	768216	619552	693169	693206	724022	100126348	100126306	100302263	406971	406953	442891	406926	406925	406932	406933	406939	100126311	406941	574455	406983	574448	406986	100616173	406988	406989	406996	442898	442915	442918	574436	574497	693142	693178	693180	693188	693193	693197	693219	693227	693234	407010	407017	407021	407034	407033	407029	406934	406937	406978	406987	406997	407002	407003	100616335	442912	664615	574435	494325	442913	494327	100422867	100422933	100616492	100616201	100616169	102465136	100616498	574411	574479	574492	574483	574488	574491	574467	574484	574493	574473	574461	693231	406960	406985	406992	693123	723778	406979	406981	406980	407027	100126318	406920	406962	407035	406961	407041	407042	406949	406957	406966	442895	574412	574441	693164	574462	574465	407015	407016	407018	407054	574502
02048	Prokaryotic defense system	1786	124454	9054
04030	G protein-coupled receptors	1128	1129	1131	1132	1133	148	147	146	150	151	152	153	154	155	1812	1813	1814	1815	1816	3269	3274	11255	59340	3350	3351	3352	3354	3355	3356	3357	3358	3360	3361	3362	3363	134860	319100	134864	83551	9038	9287	11318	2842	187	719	728	27202	185	186	29909	4829	2925	680	623	624	886	887	1909	1910	2357	2359	2358	2492	2587	8811	8484	84634	2693	2798	54328	3973	2847	84539	4157	4158	4159	4160	4161	2862	10316	56923	64106	10886	387129	2831	2832	4886	4887	5540	100996758	4889	10888	4923	23620	4985	4986	4988	4987	84109	3061	3062	5021	10887	128674	2834	2861	9283	59350	122042	51289	339403	6751	6752	6753	6754	6755	6869	6865	6870	2149	2150	2151	9002	7253	7201	2837	552	553	554	1230	729230	1232	1233	1234	1235	1236	1237	10803	2826	2532	1238	51554	9034	10936	3577	3579	2833	7852	643	10663	57007	2859	1524	2829	1240	2825	2838	2854	2856	5028	5029	5030	5031	286530	5032	64805	53829	9934	56670	134	135	136	140	2841	151306	10800	57105	2864	2867	2865	2866	338557	53831	165140	2853	1241	56413	1902	9170	23566	2846	57121	10161	53836	9290	2857	27334	84636	139760	5729	11251	5731	5732	5733	5734	5737	5739	1901	9294	1903	8698	53637	6915	6010	611	5956	2652	728458	101060233	23596	94233	221391	10692	5995	27199	1268	1269	2852	27198	338442	8843	124274	350383	4142	116511	116512	116534	116535	386746	117195	117194	117196	259249	4543	4544	1880	5724	2828	8477	8111	29933	55366	8549	59352	2850	54329	2827	2830	2835	2840	2843	2844	2845	2848	2849	2863	11250	9248	9293	83873	118442	81491	27201	27197	54112	83550	64582	353345	115330	344561	344758	285601	134391	390212	387509	26996	23432	27239	11245	799	10203	5745	5746	1394	1395	2692	2740	9340	2642	2696	7433	7434	117	6344	10267	10266	10268	9620	1952	1951	2015	30817	84658	976	22859	23266	23284	64123	575	576	577	84435	25960	166647	283383	347088	266977	165082	221393	221395	9289	10149	222487	139378	221188	57211	84873	84059	2911	2912	2913	2914	2915	2916	2917	2918	2550	9568	165829	846	222545	9052	51704	55890	55507	57512	440435	8321	8324	2535	7976	8322	7855	8325	8323	11211	8326	6608	442186	442191	442194	442361	119774	120065	120066	120586	120775	119678	119679	119682	119687	119692	119694	119695	119749	119764	119772	8387	8388	4991	8386	8390	8383	26189	26707	79541	4993	26211	26692	4994	4995	8392	10798	81696	8590	26333	26659	26539	26538	26532	26476	26531	26529	81797	81285	23538	79339	79345	283694	441608	441639	441669	441670	441933	284521	390078	390079	390081	390083	390084	390093	390113	390142	390144	390151	390152	390154	390155	390157	390162	390167	390168	390174	144125	150681	158131	162998	196335	219417	219428	219429	219431	219432	219436	219437	219438	219447	219453	219464	219469	219473	219477	219479	219482	219484	219493	219858	219865	219869	219870	219873	219874	219875	219952	219954	219956	219957	219958	219959	219960	219965	219968	219981	219982	219983	219986	254783	254786	254973	255725	256144	256148	256892	26188	26212	26219	26245	26246	26248	26338	26339	26493	26496	26658	26664	26689	26696	26716	283092	283093	283111	283159	283160	283162	283189	283297	283365	284383	284433	284532	285659	286362	286365	338662	338674	338675	338751	338755	340980	341152	341276	341416	341418	341568	341799	343169	343173	343406	343563	346517	346525	346528	347168	347169	347468	387748	390036	390037	390038	390054	390058	120776	120787	120793	120796	121130	121275	121364	122740	122742	122748	124538	125958	125962	125963	126370	126541	127059	127062	127064	127066	127068	127069	127074	127077	127385	127623	128360	128367	128368	128371	128372	130075	134083	135924	135941	135946	135948	138799	138802	138803	138804	138805	138881	138882	138883	143496	143502	144124	390059	390061	390063	390064	390066	390067	390072	390075	390077	390181	390191	390195	390197	390199	390201	390260	390261	390264	390265	390275	390321	390323	390326	390327	390429	390431	390433	390436	390437	390439	390442	390445	390538	390648	390649	390882	390883	390892	391107	391109	391112	391114	391189	391190	391191	391192	391194	391195	391196	391211	392138	392309	392376	392390	392391	392392	393046	401427	401665	401666	401667	401992	401993	401994	402135	402317	4992	56656	79290	7932	81472	81697	119765	219487	254879	143503	26494	26533	26534	26683	26686	26735	26737	26740	282763	282770	282775	389090	79295	79310	79317	79324	79473	79501	79544	81050	81061	81099	81127	81168	81282	81300	81309	81318	81327	81328	81392	81399	81442	81448	81469	81470	343171	343172	504189	442184	403282	403284	26648	403257	403253	403239	441308	390148	128366	504190	504191	26341	390271	26595	390190	440153	403277	403278	81341	729759	121129	26693	81466	403273	105369274	26687	403274	79490	26530	283617	390432	391121	392133	403244	442185	653166	79296	79346	79482	79549	127608	26497	343170	388761	390082	390441	79334	81458	81169	9596	8594	81248	401661	390073	387815	65944	390313	81439	118568804	80835	80834	83756	259285	259286	259287	259289	259290	259291	259292	259294	259295	259296	338398	353164	50831	50832	50833	50834	50835	50836	50837	50838	50839	50840	54429	5726	259293	317701	317703	57191	317705	317702	4935	57720	131601	56927	283554	56834	7107	80045
04050	Cytokine receptors	3559	3560	3561	3566	3575	3581	3601	50615	64109	3563	3568	3597	3598	1438	1439	3570	3572	3590	3594	3595	149233	9466	133396	9180	1271	3977	2057	2690	5618	4352	1441	3953	3587	3588	53832	53833	58985	116379	163702	3454	3455	3459	3460	3554	7850	9173	8808	3556	26280	11141	8809	8807	59307	23765	55540	84818	54756	132014	1230	729230	1232	1233	1234	1235	1236	1237	10803	2826	2532	1238	51554	9034	10936	3577	3579	2833	7852	643	10663	57007	2859	1524	2829	7132	7133	4055	7293	958	355	8771	939	943	3604	8797	8795	8794	8793	8792	4982	51330	23495	115650	8764	4804	608	8784	55504	84957	285613	768211	27242	8718	10913	60401
04054	Pattern recognition receptors	7096	7097	7098	7099	7100	10333	51284	51311	54106	81793	51267	51266	9976	29121	50856	170482	338339	26253	339390	10332	30835	23601	93978	64581	283420	10462	160364	387837	4065	100526664	22925	4360	9902	50489	4973	10392	64127	197358	58484	84166	79671	4261	4671	22861	55655	114548	147945	126206	171389	199713	126205	338321	338322	204801	91662	126204	338323	23586	64135	79132
03310	Nuclear receptors	7067	7068	5914	5915	5916	5465	5467	5468	9572	9975	6095	6096	6097	10062	7376	9971	7421	8856	9970	3172	3174	6256	6257	6258	7181	7182	7101	10002	7025	7026	2063	2099	2100	2101	2103	2104	2908	4306	5241	367	3164	4929	8013	2516	2494	2649	190	8431
04040	Ion channels	2554	2555	2556	2557	2558	2559	2560	2562	2561	2563	2564	2565	2566	2567	2568	2569	2570	200959	55879	2741	2742	8001	2743	1134	1135	1136	1137	1138	8973	1139	89832	55584	57053	1140	1141	1142	1143	1144	1145	1146	3359	285242	200909	170572	9177	353174	2890	2891	2892	2893	2897	2898	2899	2900	2901	2894	2895	2902	2903	2904	2905	2906	116443	116444	6337	6338	6339	6340	41	40	9311	55515	51802	5023	22953	5024	5025	5026	9127	5027	3708	3709	3710	6323	6326	6328	6329	6331	6332	6334	6335	6336	11280	6324	6327	55800	6330	773	774	775	776	777	778	8913	8912	8911	779	781	9254	55799	93589	782	783	784	785	786	10369	10368	27092	27091	59285	59284	59283	117144	117155	347732	378807	79820	57828	257062	53373	219931	3736	3737	3738	3739	3741	3742	3743	3744	7881	8514	9196	3745	9312	3746	3747	3748	3749	3750	3751	3752	3753	102723475	23630	9992	10008	23704	3754	3755	26251	170850	93107	3756	3757	23416	23415	27133	81033	90134	131096	3784	3785	3786	9132	56479	3787	3788	3790	27012	169522	3778	157855	3779	10242	27094	27345	3780	3781	3782	3783	57582	343450	3775	3776	3777	50801	8645	9424	10089	51305	54207	56660	56659	60598	83795	89822	338567	3758	3759	3760	3761	3762	3763	3764	3765	3766	3767	3768	100134444	3769	3770	3772	3773	8989	7220	7222	7223	7224	7225	57113	7442	51393	162514	59341	56302	55503	4308	7226	80036	54795	29850	140803	54822	79054	57192	255231	55283	5311	9033	27039	5310	168507	114780	342372	1259	1260	1261	1262	1258	54714	348980	610	57657	10021	259232	57578	285175	84329	6261	6262	6263	1180	1181	1182	1183	1184	1185	1186	1187	1188	28962	7809	1192	1193	9022	25932	53405	54102	55107	57101	63982	121601	203859	196527	50636	57719	338440	55129	1179	9635	22802	23507	55144	56262	80131	84230	7416	7417	7419	84876	80228	93129	63895	9780
04031	GTP-binding proteins	2770	2773	2771	2775	2780	2779	346562	2781	2778	2774	2776	2767	9630	2769	2768	10672	2782	2783	2784	59345	10681	54331	2785	2786	2787	2788	94235	2790	2791	55970	51764	2792	2793	3265	3845	4893	3266	6237	22800	22808	6016	6014	5898	5899	5906	5908	5911	5912	57826	148252	54769	9077	51655	23551	6236	2669	28954	161253	6009	121268	28512	28511	10633	91608	387496	65997	51285	85004	79785	387	388	389	27289	8153	390	5879	5880	5881	391	998	57381	23433	399	58480	171177	23221	9886	55288	89941	29984	54509	11020	5861	81876	11021	5862	84932	5867	53916	51552	5864	5865	115827	9545	5873	5874	5868	5869	5878	64284	57403	11031	5870	51560	84084	150786	347517	7879	338382	9367	51209	4218	51762	10890	5872	8766	9230	57111	201475	22931	376267	401409	27314	339122	55647	23011	53917	51715	25837	326624	9364	8934	10981	23682	9363	83452	83871	9609	54734	116442	115273	57799	282808	142684	10966	158158	84766	283229	11159	11158	5901	375	377	378	381	382	400	26225	221079	402	403	10124	10123	379	101928788	84100	10139	56681	51128	127829	55207	132946	285598	115761	390790	392509	200894	80117	54622	373	285282	64792	58477	54676
04052	Cytokines and neuropeptides	3552	3553	3557	84639	3558	3562	3565	3567	3569	3574	3578	3586	3589	3592	3593	3596	3600	3603	3605	27190	27189	53342	64806	112744	3606	29949	50604	59067	50616	51561	11009	55801	246778	10148	386653	9235	90865	146433	27179	27177	56300	26525	27178	3439	3440	3441	3442	3443	3444	3445	3446	3447	3448	3449	3451	3452	3456	3458	338376	56832	282618	282616	282617	3467	1435	1437	1440	2056	2688	2689	1442	1443	1444	7066	85480	5008	3976	1270	23529	1489	6346	6347	6348	6349	414062	6351	9560	388372	6352	6354	6355	6356	6357	6358	6359	6368	6360	6361	6362	6363	6364	6366	6367	6369	6370	10344	10850	56477	2919	2920	2921	5196	5197	6374	6372	5473	3576	4283	3627	6373	6387	10563	9547	58191	284340	6376	6375	6846	60675	84432	387695	54360	7124	4049	4050	7292	959	356	970	944	8744	8743	8600	8742	8741	10673	8740	9966	8995	1896	7040	7042	7043	649	650	651	652	653	654	655	656	353500	27302	9210	2657	2658	9573	8200	392255	151449	2660	2661	2662	10220	9518	4838	3623	3624	3625	3626	83729	268	10637	7044	5154	5155	56034	80310	7422	7423	7424	2277	5228	4803	4908	4909	627	2668	4902	9048	5623	2323	2246	2247	2248	2249	8822	2251	2252	2253	2254	2255	8823	2250	8817	26281	27006	2256	2257	2258	2259	9965	26291	8074	3084	9542	10718	145957	3479	3481	3082	1950	7039	2069	374	4254	1942	1943	1944	1945	1946	125467750	1947	1948	1949	2621	284	285	51378	183	3827	4922	8862	4828	2922	885	1906	1907	1908	51083	85569	80763	51738	4295	10874	129521	8620	64111	594857	4852	5539	5697	256933	283869	5443	5179	5173	5368	347148	5020	6750	1325	6863	6866	255061	10911	257313	551	51052	3814	3060	7425	1113	1114	7857	29106	6447	2796	2797	7200	6013	6019	117579	3640	10022	5367	2520	796	797	133	79924	3375	1392	7349	114131	90226	2695	2641	2691	5741	113091	116	6343	7432	5744	1081	2488	3972	1082	114335	114336	93659	94027	94115	7252	170589	122876	4878	4879	4880	30010	11249	11248	11247	3630	3952	5617	9607	181	1622	140689	147381	643866	869	9370	10135	56729	84666	4924	4925	59286
04515	Cell adhesion molecules	4359	9019	10205	196264	961	84866	1525	152404	27020	140885	55423	10326	284759	5818	5819	25945	81607	57863	23705	253559	199731	5817	4045	4978	402665	50863	257194	214	4162	4099	9543	4684	4685	57549	22997	6091	6092	64221	54538	1272	6900	5067	152330	53942	27255	57722	3897	10752	1826	57453	54549	221935	55243	84063	84623	3672	3673	3675	3676	3678	3655	3679	8516	3680	8515	22801	3681	3682	3683	3684	3685	3674	3687	3688	3689	3690	3691	3693	3694	3695	3696	999	1000	1001	1002	1003	1004	1005	1006	1007	1008	1009	1010	1012	1013	1014	1015	1016	28513	28316	64405	64072	64403	60437	1828	1829	1830	147409	1823	1824	1825	9620	1952	1951	56147	56135	56142	56134	56136	56137	56138	56139	56140	56141	56145	9752	56143	56144	56146	57717	26167	29930	56121	56122	56123	56124	56125	56126	56127	56128	56129	56130	56131	56132	56133	56110	26025	56105	56106	56107	56108	56109	56111	56113	56114	9708	56112	56103	56101	8641	56099	56100	56102	56104	56098	5098	56097	27328	5097	5099	64881	5101	83259	57575	57526	27253	5100	51294	54510	65217	92211	54825	222256	389118	53841	8642	54798	120114	2195	2196	79633	22883	64084	9746	6401	6402	6403
04090	CD molecules	909	910	911	912	913	914	915	916	917	920	921	923	924	925	926	927	928	4311	3683	3684	3687	3681	290	929	2214	2215	3689	930	931	1380	933	2208	100133941	3559	1803	939	940	3688	943	5175	2212	2213	9103	945	947	1378	1379	948	951	952	956	377841	953	958	3674	2815	2811	2812	2814	6693	960	5788	4179	961	962	3672	3673	3675	3676	3678	3655	3385	3685	1043	963	3383	1604	4684	4685	965	966	3690	6401	6402	6403	967	2209	634	90273	1084	1089	1048	4680	1087	1088	388551	729767	125931	440533	5669	5670	5671	5672	5673	5675	5676	5678	5680	968	969	970	7037	971	4907	972	973	974	941	975	3732	9308	8832	10288	10859	10990	11006	11024	11025	11026	11027	23547	79168	353514	942	5329	728	2204	7070	4035	23446	22918	3824	355	10225	976	6520	4267	83692	10505	10507	10509	54910	57715	64218	3321	9398	3384	3682	3691	2022	7412	3916	3920	8482	135228	4352	5818	5819	25945	1441	1436	1438	3815	3977	3459	7132	7133	3554	7850	3560	3563	3566	3568	3570	3575	3581	3572	1439	3561	8842	7293	2322	4486	3604	6382	5156	5159	7056	2152	1636	1003	4162	682	5795	6504	977	1493	944	959	5817	101	6868	102	683	3803	3802	3804	3805	3812	3811	115653	3813	57292	3806	3808	3809	3810	100132285	3821	3822	3823	11126	3820	6404	283316	9332	8763	214	780	4921	3161	6614	8778	3897	140885	55423	10326	57126	356	29802	7441	3543	4064	3577	3579	2833	7852	643	10663	1230	729230	1232	1233	1234	1235	1236	1237	10803	4345	10544	7010	5167	5169	4481	4065	100526664	22925	4360	9902	50489	27074	10332	30835	3587	3588	3594	3597	3598	3601	23765	8809	8807	3643	3480	3482	3902	2678	2687	8519	10666	4582	4241	4063	5621	7102	10154	6521	2532	2993	2994	2995	3792	4059	6006	6007	6005	57127	51458	3386	5243	51744	238	919	57124	2028	7292	8743	8600	8741	10673	8740	8797	8795	8794	8793	8792	51330	23495	115650	608	8764	4804	151888	80380	29126	23308	80381	10384	10385	11118	11119	11120	114625	153579	696	79908	10917	29851	5133	7096	7097	7098	7099	10333	51311	54106	81793	657	658	11251	3953	417	420	23439	481	482	483	10871	11314	342510	100130520	10462	9936	170482	8829	3903	3904	83416	115350	79368	115352	83417	3791	30817	22914	100528032	5738	93185	684	64866	57823	51293	50848	58494	999	1000	4072	946	27036	27180	2260	2263	2261	2264	9437	9436	259197	9429	182	2064	8322	11211	8326	83953	114836	56833	54210	56253	8784	27242	50615	2124	6383	1901	221476	26762	84868	50856	338339	64581	283420	160364
01504	Antimicrobial resistance genes00535	Proteoglycans	6382	6383	9672	6385	2817	221914	2719	2239	2262	10082	5803	7049	1464	972	10675	960	7056	351	334	11082	633	1634	1842	54829	2331	4060	11081	4958	5549	4969	1833	26254	1101	60506	25987	127435	79883	176	1462	1463	63827	3339	375790	1306	80781	9126	64175	5552	50859	6695	9806	10216	1297	1298	1299	1303	7373
00536	Glycosaminoglycan binding proteins	3553	3558	3562	3565	3567	3574	3586	3592	3593	1437	3458	7124	6347	6348	6349	414062	6352	6357	5196	5197	3576	3627	6387	6402	6403	3684	4684	4685	5175	650	652	655	6469	7471	7472	7482	7473	89780	54361	7474	81029	7475	7476	7477	7478	7479	7483	7484	7480	80326	7481	51384	374	685	2246	2247	2248	2249	8822	2251	2252	2253	2254	2255	8823	2250	8817	26281	27006	2256	2257	2258	2259	9965	26291	8074	2260	2263	1839	3082	4192	3481	3084	3068	154150	5154	5155	7040	7042	5764	7422	80739	2243	2244	2266	2335	2200	2201	84467	3371	63923	7143	7148	64093	64094	7057	1311	7058	7059	7060	7448	1277	1278	1280	1281	1284	1286	1288	1282	1287	1285	1289	1290	50509	1301	255631	85301	1302	1291	1292	1293	131873	256076	1305	80781	1310	91522	84570	8292	1942	1943	1944	1945	1946	125467750	9423	6585	9353	6586	2147	2159	5104	462	3053	5054	5270	5327	5328	7035	1991	10855	60495	8692	3373	6677	23553	8372	4023	6649	283	308	116519	338	348	351	1508	1511	5621	6546	6543	6547	952	960	3161	3383	7097	7099	143903	10894	23166	55576	57214	23670	176	63827	708	3026	1404	60484	404037	3263	3697	3698	3699	1463	3617	50939	7130	1462	11140	22927
00537	Glycosylphosphatidylinositol (GPI)-anchored proteins	249	248	250	251	5167	5169	133121	11181	7512	4907	43	1800	64180	64174	1368	762	417	419	420	683	5652	4023	8692	3373	6677	23553	8372	2214	2215	962	2348	2350	2352	390243	5329	171169	1271	11126	2674	2675	2676	64096	65078	929	7070	1604	4062	8581	4061	80740	58530	338328	966	634	90273	1084	1089	1048	4680	1087	1088	388551	729767	125931	100133941	1043	3105	3106	3107	3134	3135	3133	5621	23627	503542	4684	4685	965	2152	1272	6900	7369	1514	2817	221914	2719	2239	2262	10082	2813	146183	1942	1943	1944	1945	1946	125467750	6997	6998
04091	Lectins	176	63827	1462	1463	432	433	50856	10462	10332	30835	2208	339390	388512	170482	338339	26253	93978	165530	50489	81035	10584	78989	4153	653509	729238	6441	6401	6402	6403	971	3820	3821	3822	3823	8302	3824	51348	10219	22914	100528032	4973	51267	51266	387836	9976	969	29121	154790	23601	64581	283420	160364	387837	22925	4360	9902	4065	100526664	143903	140578	10143	7123	6320	5310	161198	7056	57124	22918	283971	348174	497190	6614	933	945	4099	8778	946	27036	27181	27180	89790	114132	89858	100049587	284266	400709	3383	3384	3385	5175	7412	3897	3998	79748	10960	81562	9695	55741	111089941	80267	5589	84572	10956	4074	3482	3956	3957	3958	3960	3963	653499	3964	284194	3965	654346	1178	85329	29124	56891	821	1047	811	125972	26232	26270	115290	126433	93611	2219	2220	8547	1117	1116	66005	5016	55600	142683
04990	Domain-containing proteins not elsewhere classified	8412	10750	9402	2886	2888	126669	56961	6461	90525	6503	84174	84941	4068	117157	9047	10045	10044	63898	400745	51225	346389	8190	4253	375056	23328	54440	64092	10580	8470	10174	6769	342667	246329	152503	79729	254778	23616	6452	23677	80851	9467	83442	6451	6450	83699	7074	26230	2245	221472	89846	121512	152273	55785	2549	9846	139716	11033	55803	134265	84632	10087	55612	10979	83706	23164	22822	23612	7262	23187	653583	90102	26034	5334	23228	59338	59339	65977	22874	54477	57664	144100	84725	58473	55041	79156	79666	57480	64857	26030	25894	153478	57449	55200	130271	57475	55111	9842	23207	51177	80301	55103	9649	65059	219790	6242	26228	55620	79674	1796	9046	79930	220164	55715	55816	285489	10818	10817	9546	323	5954	5955	57333	813	9478	51475	57010	56344	83698	164633	10519	10518	117286	130106	49860	64800	90141	10367	221154	286097	23413	64168	54550	63941	3208	3241	7447	51440	30820	30819	30818	80333	6271	6273	6274	6275	6276	6277	6278	338324	6279	6280	6281	6282	6284	6283	57402	140576	126637	388697	6285	6286	795	170591	793	794	828	133690	84698	151651	114327	80303	79180	11167	56884	25801	6717	2978	2979	9626	118142757	83988	85407	85409	4924	4925	654231	4951	10016	553115	54681	5816	158158	84766	283229	10125	10235	25780	115727	5957	126638	6262	10590	7454	22837	339768	83715	4354	51678	4355	4356	143098	58538	64398	10256	22866	154043	160622	57120	57554	5174	23037	79849	57595	27152	79955	118987	51248	9463	54212	54221	171024	30851	57716	6642	6643	29934	8724	8723	254122	27131	58533	401548	51375	29886	112574	257364	51429	29887	29916	23161	57231	29907	64089	9784	399979	124460	90203	28966	79856	55614	83891	115703	81609	124056	92017	169166	64342	11188	862	9139	863	23613	51281	116225	57037	114826	10322	79830	9205	79752	130617	90637	60685	93550	54469	7763	90204	65249	57643	63920	114821	58486	9204	64397	23567	9640	23264	29066	4004	55885	4005	8543	1396	1397	401262	2273	2274	2275	9457	3987	55679	5829	9404	7041	26136	29995	27295	64236	8572	9124	11155	10611	9260	3927	4892	54751	22998	7739	8796	8861	9079	8506	26047	79937	728577	85445	129684	133584	346007	4753	4745	26033	8455	1953	4038	1954	1955	84466	84465	375033	8578	91179	2335	2161	100131137	64100	25890	162282	460	23245	202333	9244	51379	92565	23769	23768	23767	84624	22862	64778	64838	252995	163479	54752	83856	79187	123722	57622	57497	79414	78999	145581	26103	340745	345193	57633	54674	10446	164312	4608	343263	8736	9172	127294	4868	9796	84457	89766	114990	9370	114898	114902	114905	338872	387911	131149	140689	147381	643866	869	114904	114897	390664	114899	114900	388581	151176	11117	84034	90187	22915	79812	129080	136227	10418	10417	57188	92949	9719	54507	339366	79875	55901	140862	145501	148113	8483	54084	8788	65989	92737	79987	4811	22795	170392	2202	30008	10516	83872	256158	129804	10085	51162	80864	4052	4053	4054	8425	388677	100996717	100996763	8858	222663	80274	25992	255324	10178	57451	55714	26011	4148	4146	4147	8785	1690	5212	64856	340706	200403	146177	4013	127731	90113	80737	23078	3700	80760	347365	8904	221184	8895	131034	27132	9362	57699	151835	144402	168667	51232	220001	91851	375567	402117	375616	146845	149465	14	9391	1762	54584	222229	284434	57495	79582	9948	11180	64743	116966	91833	79446	114987	22884	401551	22911	151790	348793	84058	54853	128025	256764	84942	349136	126248	112840	56964	151525	23360	51741	54838	23559	23558	79038	7289	7287	7275	7288	56995	2036	2037	23136	64097	54566	57669	22844	143162	84443	9758	257019	84978	23150	55691	152789	9832	282973	146923	10900	154661	442213	139411	374308	84976	85455	57540	7045	10631	200008	50624	131566	285761	79412	83999	83552	81832	81831	5118	26577	25891	23544	124925	26470	8406	27286	64420	56241	203328	55061	26032	9766	388419	643376	881	25998	55027	399671	63897	727957	133558	339766	79567	140876	9750	219681	93436	83787	221481	63892	64860	80823	3433	3437	5913	285190	400966	653489	727851	729540	729857	84220	319089	283237	23508	148014	55001	55622	130502	100287898	55020	158219	22996	125488	66037	1617	1618	57054	57055	57135	373863	55068	10495	10644	27303	5937	5939	64779	138046	55225	155435	79171	375316	129831	166863	54502	81892	79811	11010	256710	144321	152007	51050	83716	83690	79781	115811	389123	389124	401067	132141	440956	84223	64799	654502	100505385	154865	85478	55246	339829	55036	388389	84985	222584	128876	54854	113828	644815	150082	167691	125336	4101	4102	4103	4105	728239	728269	9947	158809	4111	4112	4114	7216	81557	10916	57692	139081	286514	266740	4115	139422	347541	51438	64110	4100	4108	4110	4113	4107	4109	139604	645864	23251	100127206	29970	7455
03200	Viral proteins03210	Viral fusion proteins	30816	405754	105373297	100271846	147664	100288413	2086
03100	Non-coding RNAs	4553	4573	4570	4555	4511	4572	4556	4563	4564	4565	4568	4567	4566	4569	4558	4571	4575	4574	4576	4578	4579	4577	106631781	109864273	100008588	109864280	109910380	109864271	100008589	109864282	109864272	109910382	106632264	109910379	100008587	106632260	109864281	109910381	109864274	100169751	100169767	100169757	100169762	100169756	100169764	100169755	100169754	100169753	100169761	100169763	100169759	100169758	100169765	100169766	100169768	100169760	4549	4550	406904	406905	407043	407044	407045	407046	407047	407051	406902	406903	406948	406949	406950	406951	406952	406953	574033	406979	406981	406980	406982	574032	406991	407004	407010	407011	100500809	407012	407013	407014	407015	407016	407017	407018	407019	407020	407021	407024	407025	407026	407034	407033	407029	407030	407031	407032	407035	407036	407040	407041	407042	407048	407049	407050	407053	407054	407055	406892	406893	406894	406895	100302282	406896	100302238	406899	406900	406901	406906	406907	406909	406908	406910	406911	406912	406913	406915	406916	406917	406918	406919	406920	406922	406923	442890	442891	406926	406925	406928	406932	406933	406934	406935	406937	406938	574447	406939	100126311	406941	406942	442893	406943	406947	406954	406995	406955	406956	406957	574457	406958	406959	406960	406961	406962	406966	406967	574455	406969	406970	406971	406972	406973	442920	406974	406976	406977	406978	406983	406984	406985	574448	406986	100616173	406987	406988	406989	406992	406994	406996	406997	406998	100126319	406999	407000	407001	407002	407003	100616335	407006	407007	407008	407009	407027	100126318	442895	407037	100313769	100302117	100302135	100302195	442898	442900	442901	442902	442903	442904	442909	442910	574031	442912	442915	442916	100616185	442917	442918	494324	664615	574435	494325	442913	494327	100422867	100422933	100616492	100616201	100616169	102465136	100616498	494328	494335	494336	554210	574034	554213	693123	574411	574412	768216	619552	574436	619554	102465696	574441	574452	574456	574502	574506	574462	574465	574479	574492	574483	574488	574491	574467	574484	574493	574473	574461	574476	574497	693142	693159	693164	693169	693178	693180	693187	693188	693193	693197	693200	693206	693210	693219	693227	693231	693234	723778	724022	100126348	100126306	100302263	406881	406882	406883	406884	406886	406887	406888	406889	406890	406891	406885	26863	26870	6060	26869	26871	26864	101954273	101954268	101954264	101447996	101954266	101954267	101954269	101954272	101954276	101954277	124904616	124904619	124904621	124904624	124904627	6063	6066	26834	26835	26830	26831	26832	26828	26829	101954278	101954275	26827	101954271	103625684	677848	677849	677850	619567	780851	780853	780852	26851	109617015	780854	109616984	109617016	109616985	109617017	100113392	692058	26765	100113393	692057	692084	109617021	109617019	109616989	109617020	109616986	109617025	109617018	109616987	109616988	109616990	85391	85389	85388	85390	26822	114599	6079	595097	692086	595098	595099	595100	100113381	109616991	692089	6083	9304	692091	26820	692196	9303	9302	9301	9300	109617011	9297	9299	109616978	9298	26819	692092	26818	26817	84546	26816	26815	26813	26814	94162	94163	109616979	109617024	26810	26808	26809	26807	26806	26805	26804	692085	94161	26802	26801	26800	692087	26799	692088	26798	26797	26796	109617012	692209	26795	26811	26793	319139	26792	26791	26790	100124516	26789	692090	26788	26787	692093	26786	692106	109616980	109616981	114655	8944	109617014	619498	692195	109616982	692197	26774	692198	26770	26769	692202	692203	692204	692206	692227	100033807	100036567	100033450	100033446	100033448	100033449	100033454	100033813	100033808	100033447	100036566	100033443	100033451	100033806	100033803	100033810	100033817	100033799	100033802	100033442	100033814	100033816	338433	100033460	100033441	100033818	100033445	100036565	100033804	100033801	100033440	100033437	100033453	100033603	100033456	100033809	100033455	100033805	100033815	100033812	100033458	100033811	100036564	100036563	100033444	100033822	100873857	100033800	677792	109617001	677793	677794	677815	677826	619562	109616997	619568	654319	677796	677795	574040	6044	619563	677797	654320	109616977	677798	574042	26784	109616960	677799	101340250	109616961	100124540	100124539	109617000	100124541	654322	677802	677801	677803	109616962	109617022	692073	692157	677804	677824	677805	641451	677806	109616963	619505	109617002	677807	109616965	109616964	677808	109617003	677809	684959	109623459	619499	677811	677813	109616992	677819	677814	109616966	692063	677817	100124535	677818	109616967	677822	109616968	109617005	619569	677825	677827	652965	109616969	677842	677830	109616998	109616958	619565	677832	677833	677835	109617023	677836	677837	677839	677840	26776	26777	677821	677838	26782	26781	26780	109616972	26779	100124537	109616993	26778	100337591	109617008	100124538	100379132	100379250	109616973	100379141	26775	26768	26766	26767	6080	26821	109617009	109616974	677841	109616975	654321	109616994	677843	109617010	677844	677845	109616976	677823	109616959	677846	100302743	109616999	6023	6315	7012
99980	Enzymes with EC numbers	56898	83592	57665	121214	137872	728294	115817	10202	51635	25979	201140	79758	147015	207063	345275	1666	253017	4015	4017	84695	84171	4016	2110	5447	55328	1429	79912	5768	169714	4482	22921	253827	51734	140809	4835	7837	137902	8544	83875	84842	55662	8846	54784	84964	84266	55239	392636	5066	79152	83475	5110	28989	149281	751071	254013	155368	10249	219970	375607	64921	100287520	92292	158833	9397	4836	131540	84885	84287	254359	283576	340481	254887	285848	347516	389396	117245	7051	7053	7047	9333	116179	343641	87769	170384	167127	133688	54956	56965	79668	25976	56829	57097	64761	83666	165631	54625	84875	116969	144423	285605	56986	1725	29914	256356	64122	79672	79670	23318	390637	83642	4081	100131187	8459	8460	27233	6819	27284	442038	25830	391365	79783	221223	23491	374569	590	54414	313	28992	140733	285148	80821	344752	126767	343066	150379	149998	200879	340654	643418	643414	142910	51205	55	93650	92370	403313	79624	54857	51573	27293	10924	414	416	347527	340075	79642	153642	55959	23213	1773	128387	83940	9797	1775	1776	1774	8909	59084	670	80162	79694	1486	57462	79411	112937	89944	141	10591	22846	79805	64146	158584	91703	123803	55093	4817	11240	51702	353238	29943	10930	403314	10247	256281	84304	55190	11165	11163	170685	440672	57089	254552	29028	54454	1819	4733	29085	10741	55728	1652	100037417	10994	171425	55739	55258	282969	128240	83479	8634	9914	27032	23400	84239	344905	79572	57194	148229	5205	374868	79895	57205	57198	23120
99981	Carbohydrate metabolism99982	Energy metabolism	27109	2109	1528	80777
99983	Lipid metabolism	50640	80724	84129	200150	26580	64748	54886	163404	9890	79948	10826	83723	79850
99984	Nucleotide metabolism	23052	56952
99985	Amino acid metabolism	4947	11212	6017	51714
99986	Glycan metabolism99987	Cofactor metabolism	2638	51117	57017	80219	93058	55229	7274
99988	Secondary metabolism99999	Others	390928	127018
99973	Transcription	8721	6638	51008	84164	10957	221895	10046	153222	139135	4664	4665	83637	57178	57591	57496	93649	4435	163732	283149	607	267012	166	865	92140
99974	Translation	6050	84285	85451
99975	Protein processing	84299
99976	Replication and repair	56897	140825	55653
99979	Viral proteins99998	Others	132625	339976	205860	5757
99977	Transport	1804	57628	55847	284106	173	346	319	55937	6414	6462	151254
99978	Cell growth	1620	339479	57795
99993	Cell motility	26297	51686	10548	400954	550
99995	Signaling proteins	8738	3641	11172	283349	8045	11228	644943	9182	5919	5920	1822	333	4883	407	340205	79865	80832	80833	80831	23780	80830	9141	94241	22906	8786	10287	26575	431704	5996	5999	6000	6001	6002	6003	6004	64407	8601	85397	9628	8490	445815	5064	54873	9472	9465	10270	9590	56971	128646	1381	10252	10251	81848	57139	23108	56890	11123	51657	663	149428	158471	85300	10017	4256	4692	375298	147372	5132	130026	58496	80741	259215	163351	165	10974	149685	54851	1401	168002	51339	147906	55180	374383	7087	79827	50512	146894	51705	23129	347730	26045	4974	126259	342035	146760	349667	57019	150209	220296	325	126695	497189	79931	26012	1893	2907	51643	64114	23017	23676	374393	54870	152816	83938	25878	439921	58986	51754	389827	101929726	65117	26018	121227	9949	83607	79641	22982	4071	7104	9032	116441	116211	79853	54834	9772	26022	113277	79022	55654	55780	387715	199800	285016	389658	3933	29991	29989	5047	9068	253935	10218	23452	83854	53345	53346	646627	83639	54964	29113	352999	4237	4238	9848	4239	8076	375704	79879	9211	55203	163175	116844	10234	10439	93145	118427	10562	283298	56944	169611	25903	55997	653275	7356	653486	147199	10648	404552	10647	4250	4246	284402	117156	92304	8804	200407	1393	54967	199699	27122	374946	10876	64184	25975	260436	143282	83888	9982	2267	10875	56287	200504	407738	284467	338811	151647	25817	2980	2981	84439	79802	10086	374918	147920	388555	444882	79713	492311	10068	3671	3512	81621	388533	4477	692094	51237	79625	4693	29937	4884	4885	23467	344901	56914	150677	5157	5304	10761	5343	5342	84279	5545	5544	10394	11272	5806	140902	5967	5968	5068	130120	6247	11341	6406	6407	100505989	25928	136853	284297	374739	57045	221044	128434	222008	342865	124220	3950	205428	79742	150356	340533	53834	9158	441864	80342	126282	25816	388121	79626	9697	84191	51647	64428	2537	3429	83982	122509	3140	84660	55765	11178	388325	80758	55824	54923	202309	7940	79669	402415	150165	389610	25871	85457	55084	158376	80000	51155	90861
99992	Structural proteins	2702	81025	127534	2709	10804	375519	125111	84694	23531	221938	54982	5239	8416	221035	51308	65055	80346	10867	83882	441631	90139	10100	23554	27075	6302	26526	144448	10077	9452	5376	139285	56704	57338	84502	57158	347736	124599	100131439	146722	7032	7033	347902	57463	386724	374969	166752	258	265	266	10117	1041	1413	1414	1417	1411	1412	1415	1420	1427	155051	1418	1419	1421	3982	401138	1805	729330	6439	6440	7286	100131211	23306
99994	Others	51596	51076	3047	3048	3045	3046	3050	3049	3042	26993	51696	5375	671	51297	128861	140683	92747	359710	80341	149954	128859	254240	922	389383	116842	10879	26952	58503	117159	170680	284013	653808	11055	124626	112577461	219990	112577462	255649	107987155
99996	General function prediction only	9317	84696	171586	116236	256130	389177	494513	54877	285600	339453
99997	Function unknown	256302	56948	123207
